,Ticker,Date,divp,ROA,ROE,Aturn
0,AAPL,2019-06-29,0.35039699999999996,16.5898,52.6903,0.7716
1,AAPL,2019-03-30,0.295136,16.1156,49.1282,0.7287
2,AAPL,2018-12-29,0.17315999999999998,15.2287,46.0543,0.6704
3,AAPL,2018-09-29,0.248153,16.0668,49.3636,0.7168
4,AAPL,2018-06-30,0.3094,16.1643,45.3726,0.7353
5,AAPL,2018-03-31,0.229031,15.1896,40.863,0.7049
6,AAPL,2017-12-30,0.16107700000000005,13.6936,37.0705,0.6482
7,AAPL,2017-09-30,0.303528,13.8739,36.8675,0.6578
8,AAPL,2017-07-01,0.375462,14.3371,36.0287,0.6869
9,AAPL,2017-04-01,0.270922,14.2949,34.5734,0.6891
10,AAPL,2016-12-31,0.17003,14.4828,34.6946,0.6986
11,AAPL,2016-09-24,0.340692,14.9296,36.9033,0.7047
12,AAPL,2016-06-25,0.39982,16.5172,37.9013,0.7613
13,MSFT,2019-06-30,0.26662600000000003,14.3893,42.4106,0.4615
14,MSFT,2019-03-31,0.40027199999999996,13.7294,40.1211,0.4804
15,MSFT,2018-12-31,0.419834,13.0291,39.3471,0.4602
16,MSFT,2018-09-30,0.400385,7.4278,21.4322,0.4535
17,MSFT,2018-06-30,0.363349,6.5092,19.4462,0.4335
18,MSFT,2018-03-31,0.435075,6.702000000000001,21.1683,0.4501
19,MSFT,2017-12-31,,5.6295,17.2659,0.4163
20,MSFT,2017-09-30,0.49239700000000003,11.2068,30.6759,0.4211
21,MSFT,2017-06-30,0.372165,11.2482,29.8464,0.4262
22,MSFT,2017-03-31,0.5484870000000001,11.1319,31.3377,0.4642
23,MSFT,2016-12-31,0.479177,10.3352,27.0678,0.4465
24,MSFT,2016-09-30,0.533616,10.7049,26.4366,0.4668
25,MSFT,2016-06-30,0.540103,10.8854,25.1745,0.4831
26,AMZN,2019-06-30,0.0,7.4334,27.4734,1.5490000000000002
27,AMZN,2019-03-31,0.0,7.886,30.0602,1.5867
28,AMZN,2018-12-31,0.0,6.8534,28.2719,1.5845
29,AMZN,2018-09-30,0.0,6.8751,27.9134,1.7065
30,AMZN,2018-06-30,0.0,5.6562,21.5602,1.876
31,AMZN,2018-03-31,0.0,3.7988,14.8221,1.8636
32,AMZN,2017-12-31,0.0,2.8252,12.908,1.6568
33,AMZN,2017-09-30,0.0,2.0691,9.0763,1.7313
34,AMZN,2017-06-30,0.0,2.5148,9.67,1.9642
35,AMZN,2017-03-31,0.0,3.6341,14.1751,2.0067
36,AMZN,2016-12-31,0.0,3.2008,14.5153,1.8358
37,AMZN,2016-09-30,0.0,3.3101,13.9282,2.0136
38,AMZN,2016-06-30,0.0,3.2864,13.6438,2.0531
39,FB,2019-06-30,0.0,16.4633,20.2969,0.604
40,FB,2019-03-31,0.0,19.7095,23.8266,0.5942
41,FB,2018-12-31,0.0,24.3179,27.9062,0.6141
42,FB,2018-09-30,0.0,22.7425,25.7288,0.6054
43,FB,2018-06-30,0.0,23.2286,26.1382,0.5909
44,FB,2018-03-31,0.0,22.64,25.5307,0.5656
45,FB,2017-12-31,0.0,21.2985,23.8414,0.5439
46,FB,2017-09-30,0.0,21.9424,24.2797,0.5263
47,FB,2017-06-30,0.0,20.2652,22.4706,0.512
48,FB,2017-03-31,0.0,19.068,21.065,0.5015
49,FB,2016-12-31,0.0,17.8179,19.7056,0.4833
50,FB,2016-09-30,0.0,15.4188,17.1309,0.4648
51,FB,2016-06-30,0.0,12.9249,14.3686,0.4438
52,INTC,2019-06-29,0.336633,15.3826,27.0688,0.5483
53,INTC,2019-03-30,0.356059,15.9447,28.3957,0.5491
54,INTC,2018-12-29,0.27583,16.7611,29.0653,0.564
55,INTC,2018-09-29,0.214473,11.8834,21.0996,0.5424
56,INTC,2018-06-30,0.278606,10.7135,18.9572,0.5339
57,INTC,2018-03-31,0.314818,9.0819,16.0961,0.5243
58,INTC,2017-12-30,,8.1166,14.0168,0.5306
59,INTC,2017-09-30,0.282879,11.5752,20.3966,0.5189
60,INTC,2017-07-01,0.457078,10.9616,19.4275,0.5321
61,INTC,2017-04-01,0.434216,10.1612,17.5507,0.5471
62,INTC,2016-12-31,0.34562,9.6058,15.9826,0.5529999999999999
63,INTC,2016-10-01,0.364369,9.8373,16.9947,0.5497
64,INTC,2016-07-02,0.924466,10.0817,16.9626,0.5652
65,CSCO,2019-07-27,0.675431,11.251,30.2729,0.5025
66,CSCO,2019-04-27,0.499014,12.5114,31.6732,0.4858
67,CSCO,2019-01-26,0.520907,10.997,27.735,0.4345
68,CSCO,2018-10-27,0.422654,1.0723,2.3127,0.4261
69,CSCO,2018-07-28,0.403629,0.0922,0.2012,0.4135
70,CSCO,2018-04-28,0.5841689999999999,-1.0577,-2.2652,0.4052
71,CSCO,2018-01-27,,-1.1212,-2.4958,0.3732
72,CSCO,2017-10-28,0.599833,7.5395,15.0144,0.3722
73,CSCO,2017-07-29,0.59736,7.6423,14.8146,0.3818
74,CSCO,2017-04-29,0.5769380000000001,8.1748,15.6537,0.3966
75,CSCO,2017-01-28,0.555366,8.2314,15.7713,0.4066
76,CSCO,2016-10-29,0.563307,8.9314,17.2325,0.411
77,CSCO,2016-10-28,,,,
78,CSCO,2016-07-30,0.46533900000000006,9.1344,17.4216,0.4189
79,CMCSA,2019-06-30,0.30848000000000003,5.393,16.368,0.4631
80,CMCSA,2019-03-31,0.267982,5.4426,16.8456,0.441
81,CMCSA,2018-12-31,0.344484,5.3426,16.7312,0.4304
82,CMCSA,2018-09-30,0.300471,12.5508,38.1552,0.4598
83,CMCSA,2018-06-30,0.272388,12.8113,38.1467,0.4685
84,CMCSA,2018-03-31,0.282319,12.4707,37.3853,0.4673
85,CMCSA,2017-12-31,0.049658,12.3573,37.1005,0.4622
86,CMCSA,2017-09-30,0.280066,5.5238,18.4229,0.4624
87,CMCSA,2017-06-30,0.296311,5.4234,17.8108,0.4744
88,CMCSA,2017-03-31,0.290576,5.1739,16.9618,0.4656
89,CMCSA,2016-12-31,0.286585,5.0105,16.3729,0.4633
90,CMCSA,2016-09-30,0.294144,4.9691,15.913,0.4668
91,CMCSA,2016-06-30,0.326923,4.902,15.4107,0.4581
92,PEP,2019-06-15,0.6574720000000001,16.6434,106.3708,0.8496
93,PEP,2019-03-23,0.92569,15.9959,100.3229,0.826
94,PEP,2018-12-29,0.19221400000000002,15.8969,98.6439,0.8213
95,PEP,2018-09-08,0.525014,6.5104,42.0476,0.8503
96,PEP,2018-06-16,0.722125,5.9059,40.8917,0.8276
97,PEP,2018-03-24,0.855332,6.2386,43.55,0.8183
98,PEP,2017-12-30,,6.3368,44.3339,0.8288
99,PEP,2017-09-09,0.53504,9.1468,53.8989,0.8337
100,PEP,2017-06-17,0.5461,9.109,55.4009,0.846
101,PEP,2017-03-25,0.8206690000000001,9.2864,59.3592,0.8709
102,PEP,2016-12-31,0.7646160000000001,8.842,55.136,0.8773
103,PEP,2016-09-03,0.542948,9.2435,51.1605,0.8605
104,PEP,2016-06-11,0.5448649999999999,7.1558,36.3815,0.8577
105,NFLX,2019-06-30,0.0,4.3588000000000005,21.7215,0.6674
106,NFLX,2019-03-31,0.0,5.3415,26.0222,0.7015
107,NFLX,2018-12-31,0.0,5.3848,27.4636,0.7022
108,NFLX,2018-09-30,0.0,6.2644,30.2944,0.7388
109,NFLX,2018-06-30,0.0,5.0514,26.0104,0.7084
110,NFLX,2018-03-31,0.0,3.8875,19.1819,0.7393
111,NFLX,2017-12-31,0.0,3.4291,17.8521,0.7174
112,NFLX,2017-09-30,0.0,3.0046,15.0319,0.743
113,NFLX,2017-06-30,0.0,2.5761,13.0993,0.725
114,NFLX,2017-03-31,0.0,2.6325,12.748,0.7423
115,NFLX,2016-12-31,0.0,1.5694,7.6145,0.7424
116,NFLX,2016-09-30,0.0,1.4652,6.9463,0.7345
117,NFLX,2016-06-30,0.0,1.3274,6.3411,0.7177
118,ADBE,2019-05-31,0.0,15.2249,28.4523,0.58
119,ADBE,2019-03-01,0.0,15.5569,28.9853,0.5541
120,ADBE,2018-11-30,0.0,15.5582,29.0739,0.5423
121,ADBE,2018-08-31,0.0,16.477,28.347,0.5851
122,ADBE,2018-06-01,0.0,15.1945,26.2558,0.5694
123,ADBE,2018-03-02,0.0,13.4097,23.1599,0.5496
124,ADBE,2017-12-01,0.0,12.4405,21.3281,0.5362
125,ADBE,2017-09-01,0.0,12.1185,20.6108,0.5255
126,ADBE,2017-06-02,0.0,11.2834,19.1759,0.5102
127,ADBE,2017-03-03,0.0,10.528,17.8995,0.4934
128,ADBE,2016-12-02,0.0,9.5709,16.2034,0.4794
129,ADBE,2016-09-02,0.0,8.3086,14.0499,0.4651
130,ADBE,2016-06-03,0.0,7.6601,12.924,0.4539
131,PYPL,2019-06-30,0.0,5.5736,16.1114,0.3629
132,PYPL,2019-03-31,0.0,4.9954,14.8533,0.3588
133,PYPL,2018-12-31,0.0,4.8914,13.1103,0.3674
134,PYPL,2018-09-30,0.0,5.1371,13.7035,0.3674
135,PYPL,2018-06-30,0.0,5.2932,13.5723,0.3774
136,PYPL,2018-03-31,0.0,5.0702,13.1342,0.3641
137,PYPL,2017-12-31,0.0,4.8594,11.6915,0.3545
138,PYPL,2017-09-30,0.0,4.5286,10.5658,0.3568
139,PYPL,2017-06-30,0.0,4.5752,10.4668,0.3568
140,PYPL,2017-03-31,0.0,4.5106,10.0624,0.3581
141,PYPL,2016-12-31,0.0,4.5205,9.8416,0.3498
142,PYPL,2016-09-30,0.0,4.6513,10.0562,0.3516
143,PYPL,2016-06-30,0.0,4.7131,10.212,0.3479
144,AVGO,2019-05-05,1.525253,5.5192,12.8063,0.3466
145,AVGO,2019-02-03,2.218295,10.2642,26.4631,0.3365
146,AVGO,2018-11-04,0.717489,23.4528,52.2304,0.3988
147,AVGO,2018-08-05,0.629908,23.2789,49.418,0.4037
148,AVGO,2018-05-06,0.195378,20.9209,42.5736,0.375
149,AVGO,2018-02-04,0.11481199999999998,14.7522,34.1968,0.3614
150,AVGO,2017-10-29,0.7896770000000001,3.2419,8.6377,0.3379
151,AVGO,2017-07-30,0.8592129999999999,1.0592,2.6887,0.3396
152,AVGO,2017-04-30,0.9324319999999999,-0.4958,-1.283,0.3211
153,AVGO,2017-01-29,1.672131,-6.2158,-15.5419,0.5169
154,AVGO,2016-10-30,,-5.7506,-14.7335,0.4378
155,AVGO,2016-07-31,,-2.2698,-5.7085,0.3664
156,AMGN,2019-06-30,0.413034,12.5267,61.9227,0.3709
157,AMGN,2019-03-31,0.45180699999999996,11.9487,61.054,0.3514
158,AMGN,2018-12-31,0.414938,11.4696,44.4821,0.3245
159,AMGN,2018-09-30,0.48413100000000003,2.9824,9.4551,0.3158
160,AMGN,2018-06-30,0.391986,3.2104,10.1392,0.3149
161,AMGN,2018-03-31,0.432713,2.978,9.5942,0.3079
162,AMGN,2017-12-31,,2.5117000000000003,7.1812,0.29
163,AMGN,2017-09-30,0.395844,10.3205,25.9611,0.2904
164,AMGN,2017-06-30,0.37192,10.5432,26.4296,0.2973
165,AMGN,2017-03-31,0.3862870000000001,10.3191,26.612,0.2998
166,AMGN,2016-12-31,0.361757,10.3599,26.6469,0.3084
167,AMGN,2016-09-30,0.370352,10.1147,25.8325,0.3008
168,AMGN,2016-06-30,0.4278070000000001,10.135,25.8014,0.3064
169,NVDA,2019-07-28,0.17572500000000002,19.8358,28.676,0.7365
170,NVDA,2019-04-28,0.246193,25.8389,37.7935,0.8421
171,NVDA,2019-01-27,0.17185199999999998,33.7668,49.2714,0.9551
172,NVDA,2018-10-28,0.074268,39.9625,59.3037,1.0578
173,NVDA,2018-07-29,0.08269800000000001,38.6017,58.2476,1.0659999999999998
174,NVDA,2018-04-29,0.07315100000000001,36.253,54.6321,1.0526
175,NVDA,2018-01-28,0.08139500000000001,28.8967,46.0364,0.9215
176,NVDA,2017-10-29,0.10074,26.5713,44.2446,0.9234
177,NVDA,2017-07-30,0.143362,27.1245,43.7578,0.9896
178,NVDA,2017-04-30,0.161736,23.7922,38.0519,0.9132
179,NVDA,2017-01-29,0.116031,19.3597,32.5677,0.8029999999999999
180,NVDA,2016-10-30,0.11254600000000001,14.5121,24.8851,0.7313
181,NVDA,2016-07-31,0.237548,12.7701,21.281,0.7533
182,COST,2019-05-12,0.31557199999999996,8.6495,27.0757,3.5898
183,COST,2019-02-17,0.28229699999999996,8.4636,26.9327,3.6131
184,COST,2018-11-25,0.32636200000000004,7.8397,26.9004,3.482
185,COST,2018-09-02,0.23957399999999998,8.1216,26.5852,3.6689
186,COST,2018-05-13,0.333442,8.0015,27.3127,3.7074
187,COST,2018-02-18,0.312411,7.9642,24.4689,3.6582
188,COST,2017-11-26,0.34215999999999996,7.3087,24.0684,3.4972
189,COST,2017-09-03,0.23829499999999998,7.7082,23.4414,3.7124
190,COST,2017-05-07,4.701611,7.3061,23.7256,3.5476
191,COST,2017-02-12,0.384466,7.0099,20.3413,3.5636
192,COST,2016-11-20,0.361657,6.7099,21.1647,3.323
193,COST,2016-08-28,0.252906,7.1018,20.7085,3.5878
194,TXN,2019-06-30,0.556669,29.6901,55.3975,0.8488
195,TXN,2019-03-31,0.5980399999999999,31.0787,56.2914,0.8921
196,TXN,2018-12-31,0.597888,32.0883,57.3069,0.9077
197,TXN,2018-09-30,0.38614499999999996,26.3929,43.2385,0.8909999999999999
198,TXN,2018-06-30,0.43472,25.168000000000006,40.8959,0.8964
199,TXN,2018-03-31,0.44978599999999996,24.1959,37.7426,0.9167
200,TXN,2017-12-31,1.7917889999999999,21.6124,35.0601,0.8782
201,TXN,2017-09-30,0.38854,26.4595,40.8104,0.8825
202,TXN,2017-06-30,0.4760990000000001,25.6326,39.4194,0.8829
203,TXN,2017-03-31,0.506586,24.5136,37.579,0.8694
204,TXN,2016-12-31,0.482592,22.014,34.7911,0.8187
205,TXN,2016-09-30,0.379345,20.6619,32.9976,0.8026
206,TXN,2016-06-30,0.472188,19.0459,30.9615,0.7765
207,SNY,2019-06-30,,3.2043,6.3581,0.3292
208,SNY,2019-03-31,,,,
209,SNY,2018-12-31,0.0,4.0772,7.3641,0.3378
210,SNY,2018-09-30,,,,
211,SNY,2018-06-30,,3.2313,6.0934,0.326
212,SNY,2018-03-31,,,,
213,SNY,2017-12-31,,8.2343,14.5627,0.3543
214,SNY,2017-09-30,,,,
215,SNY,2017-06-30,,9.148,16.4423,0.3614
216,SNY,2017-03-31,,,,
217,SNY,2016-12-31,,4.5499,8.1468,0.3354
218,SNY,2016-09-30,,,,
219,SNY,2016-06-30,,4.2703,7.5933,0.3463
220,SBUX,2019-06-30,0.31757,18.6593,,1.3691
221,SBUX,2019-03-31,0.657419,17.2301,,1.452
222,SBUX,2018-12-30,0.587852,15.7351,,1.3132
223,SBUX,2018-09-30,0.642408,23.4598,136.5218,1.2834
224,SBUX,2018-07-01,0.5815319999999999,28.7105,92.5616,1.5212
225,SBUX,2018-04-01,0.633949,27.6287,85.1166,1.4767
226,SBUX,2017-12-31,0.18945,26.9432,75.9064,1.3971
227,SBUX,2017-10-01,0.552137,20.1059,50.903,1.5603
228,SBUX,2017-07-02,0.523316,20.4345,50.102,1.5799
229,SBUX,2017-04-02,0.5565260000000001,22.1308,55.3236,1.6432
230,SBUX,2017-01-01,0.48467,21.3792,48.9383,1.6079
231,SBUX,2016-10-02,0.461423,21.071,48.1593,1.594
232,SBUX,2016-06-26,0.38862199999999997,19.9933,46.1087,1.5369000000000002
233,ASML,2019-06-30,0.0,11.8604,14.0025,0.5527
234,ASML,2019-03-31,0.0,12.3436,20.9081,0.5583
235,ASML,2018-12-31,0.0,13.0019,21.8527,0.5491
236,ASML,2018-09-30,0.0,13.244000000000002,22.7629,0.5608
237,ASML,2018-07-01,0.0,12.9061,22.2855,0.5572
238,ASML,2018-04-01,0.0,12.2667,20.71,0.5223
239,ASML,2017-12-31,0.0,11.9707,20.5711,0.5115
240,ASML,2017-10-01,0.0,12.9145,22.1166,0.5251
241,ASML,2017-07-02,0.0,12.5878,21.1684,0.5133
242,ASML,2017-04-02,0.0,11.8936,19.5391,0.4914
243,ASML,2016-12-31,0.0,10.2147,17.1099,0.4508
244,ASML,2016-10-02,0.0,9.0164,14.8889,0.4596
245,ASML,2016-07-03,0.0,8.9812,14.4813,0.4662
246,GILD,2019-06-30,0.425532,9.2638,26.8922,0.3478
247,GILD,2019-03-31,0.413671,9.1906,27.6997,0.3482
248,GILD,2018-12-31,247.0,8.1443,26.0824,0.3304
249,GILD,2018-09-30,0.353839,2.4611,6.6533,0.3455
250,GILD,2018-06-30,0.407265,3.5154,9.9574,0.3693
251,GILD,2018-03-31,0.489597,5.6288,16.8844,0.4012
252,GILD,2017-12-31,,7.2733,23.5348,0.4103
253,GILD,2017-09-30,0.24986,19.1324,55.6229,0.4532
254,GILD,2017-06-30,0.221282,22.1565,63.9207,0.5164
255,GILD,2017-03-31,0.25351599999999996,23.9641,74.689,0.5519
256,GILD,2016-12-31,0.200129,24.8424,72.1573,0.5592
257,GILD,2016-09-30,0.18768800000000002,28.1148,87.9529,0.5889
258,GILD,2016-06-30,0.179425,36.672,102.7307,0.7262
259,BKNG,2019-06-30,0.0,17.7711,52.5435,0.6304
260,BKNG,2019-03-31,0.0,17.5439,47.2265,0.6093
261,BKNG,2018-12-31,0.0,16.6139,39.8901,0.6036
262,BKNG,2018-09-30,0.0,11.1555,24.5009,0.5629
263,BKNG,2018-06-30,0.0,11.2835,24.8664,0.5621
264,BKNG,2018-03-31,0.0,10.6047,23.166,0.5611
265,BKNG,2017-12-31,,10.3388,22.1784,0.56
266,BKNG,2017-09-30,0.0,15.5823,31.4224,0.5336
267,BKNG,2017-06-30,0.0,10.9201,22.5653,0.5323
268,BKNG,2017-03-31,0.0,10.9906,22.289,0.5462
269,BKNG,2016-12-31,0.0,11.4601,22.9025,0.5767
270,BKNG,2016-09-30,0.0,10.7254,21.4045,0.5673
271,BKNG,2016-06-30,0.0,14.4687,29.7887,0.5342
272,CHTR,2019-06-30,0.0,0.9277,3.7289,0.3056
273,CHTR,2019-03-31,0.0,0.8964,3.5301,0.3012
274,CHTR,2018-12-31,0.0,0.8403,3.2639,0.2981
275,CHTR,2018-09-30,0.0,7.1264,29.8206,0.2922
276,CHTR,2018-06-30,0.0,6.8497,27.1145,0.2904
277,CHTR,2018-03-31,0.0,6.7038,25.2472,0.2847
278,CHTR,2017-12-31,0.0,6.6928,24.9801,0.2812
279,CHTR,2017-09-30,0.0,0.5358,2.1658,0.2777
280,CHTR,2017-06-30,0.0,0.6328,2.4379,0.2758
281,CHTR,2017-03-31,0.0,4.0691,,0.3857
282,CHTR,2016-12-31,0.0,3.7392,,0.3079
283,CHTR,2016-09-30,0.0,3.1717,14.6069,0.2287
284,CHTR,2016-06-30,0.0,3.3763,,0.16399999999999998
285,MDLZ,2019-06-30,0.468401,5.9077,14.5742,0.4056
286,MDLZ,2019-03-31,0.41575500000000004,5.0503,12.4292,0.3997
287,MDLZ,2018-12-31,0.460292,5.3801,13.0968,0.4127
288,MDLZ,2018-09-30,0.319229,5.1144,12.636,0.4108
289,MDLZ,2018-06-30,1.018868,4.8357,11.9396,0.4195
290,MDLZ,2018-03-31,0.315488,5.0877,12.3585,0.4147
291,MDLZ,2017-12-31,0.473871,4.5046,10.9628,0.416
292,MDLZ,2017-09-30,0.337961,3.4799,8.2256,0.4061
293,MDLZ,2017-06-30,0.579538,2.8073,6.6364,0.4057
294,MDLZ,2017-03-31,0.460317,2.7529,6.4947,0.4107
295,MDLZ,2016-12-31,3.146237,2.6676,6.24,0.4168
296,MDLZ,2016-09-30,0.539836,1.2911,2.9175,0.409
297,MDLZ,2016-06-30,0.570453,11.7689,28.9259,0.4201
298,ADP,2019-06-30,0.720221,5.6797,45.2416,0.3511
299,ADP,2019-03-31,0.455007,4.2449,42.2235,0.3033
300,ADP,2018-12-31,0.61663,4.4762,42.9092,0.3321
301,ADP,2018-09-30,0.5963430000000001,5.4126,45.8215,0.3715
302,ADP,2018-06-30,2.144925,4.9584,43.2669,0.3506
303,ADP,2018-03-31,0.420318,4.5718,49.4276,0.2975
304,ADP,2017-12-31,0.414706,4.5815,50.0032,0.3026
305,ADP,2017-09-30,0.610892,5.0778,43.3278,0.3583
306,ADP,2017-06-30,0.952788,4.2877,40.9831,0.3062
307,ADP,2017-03-31,0.432905,3.6839,40.6563,0.2572
308,ADP,2016-12-31,0.4997120000000001,4.2406,42.24,0.3017
309,ADP,2016-09-30,0.6501739999999999,4.4373000000000005,34.3367,0.3455
310,ADP,2016-06-30,0.8521350000000001,3.8877,32.131,0.3039
311,QCOM,2019-06-30,0.351326,7.0399,23.7426,0.5251
312,QCOM,2019-03-31,1.1342379999999999,4.9719999999999995,17.6269,0.4321
313,QCOM,2018-12-30,0.7041759999999999,4.274,15.3008,0.4349
314,QCOM,2018-09-30,,-10.0688,-31.3377,0.461
315,QCOM,2018-06-24,0.766223,-6.7732,-15.7573,0.3596
316,QCOM,2018-03-25,2.5606060000000004,-7.6852,-16.7467,0.3749
317,QCOM,2017-12-24,,-7.1969,-15.2342,0.3826
318,QCOM,2017-09-24,5.005952,4.1835,7.885,0.3783
319,QCOM,2017-06-25,0.990762,6.7659,12.5797,0.392
320,QCOM,2017-03-26,1.065421,8.4305,14.6715,0.438
321,QCOM,2016-12-25,1.174487,9.5307,15.9106,0.4635
322,QCOM,2016-09-25,0.49781099999999995,11.061,18.0541,0.4567
323,QCOM,2016-06-26,0.5498609999999999,10.0251,16.1851,0.4429
324,INTU,2019-04-30,0.091437,25.9761,51.29,1.0671
325,INTU,2019-01-31,0.6465609999999999,28.496,73.7668,1.2544
326,INTU,2018-10-31,3.794118,32.2954,72.8733,1.3912
327,INTU,2018-07-31,2.1020410000000003,30.6295,76.3754,1.3301
328,INTU,2018-04-30,0.08600300000000001,25.8646,68.5053,1.1162
329,INTU,2018-01-31,0.545574,25.2184,120.3913,1.215
330,INTU,2017-10-31,,24.9844,93.4081,1.3277
331,INTU,2017-07-31,3.640833,23.347,77.2167,1.2448
332,INTU,2017-04-30,0.091286,18.3066,61.5959,1.0271
333,INTU,2017-01-31,6.721538000000002,22.2197,135.9046,1.1126
334,INTU,2016-10-31,,25.2382,98.6412,1.2256
335,INTU,2016-07-31,,21.2411,56.055,1.0184
336,CELG,2019-06-30,0.0,14.5153,78.1989,0.4504
337,CELG,2019-03-31,0.0,13.145,71.1554,0.4368
338,CELG,2018-12-31,0.0,12.3314,61.856,0.4657
339,CELG,2018-09-30,0.0,8.7701,39.3202,0.4466
340,CELG,2018-06-30,0.0,8.777999999999999,47.1242,0.443
341,CELG,2018-03-31,0.0,9.0066,44.5381,0.4285
342,CELG,2017-12-31,,10.0984,43.4879,0.4466
343,CELG,2017-09-30,0.0,11.7969,44.5153,0.4274
344,CELG,2017-06-30,0.0,9.2614,37.6367,0.4289
345,CELG,2017-03-31,0.0,7.7782,33.5032,0.4264
346,CELG,2016-12-31,0.0,7.2529,31.945,0.4073
347,CELG,2016-09-30,0.0,7.8769,38.6657,0.3995
348,CELG,2016-06-30,0.0,8.6942,32.4513,0.4588
349,ISRG,2019-06-30,0.0,15.7309,18.4338,0.5253
350,ISRG,2019-03-31,0.0,15.6441,18.3176,0.5253
351,ISRG,2018-12-31,0.0,16.5582,19.6882,0.5467
352,ISRG,2018-09-30,0.0,12.4028,14.3063,0.5507
353,ISRG,2018-06-30,0.0,13.388,15.6026,0.5713
354,ISRG,2018-03-31,0.0,13.8452,16.1607,0.5886
355,ISRG,2017-12-31,,10.9412,12.7105,0.5118
356,ISRG,2017-09-30,0.0,15.3376,17.2654,0.5082
357,ISRG,2017-06-30,0.0,14.8446,16.8759,0.5218
358,ISRG,2017-03-31,0.0,15.4296,17.5785,0.5516
359,ISRG,2016-12-31,0.0,12.9171,14.5762,0.4747
360,ISRG,2016-09-30,0.0,13.2983,14.9508,0.4834
361,ISRG,2016-06-30,0.0,13.3829,15.1144,0.4994
362,TMUS,2019-06-30,0.0,4.2491,13.0349,0.5741
363,TMUS,2019-03-31,0.0,4.0303,12.7403,0.5666
364,TMUS,2018-12-31,0.0,4.0383,12.2174,0.6056
365,TMUS,2018-09-30,0.0,7.1757,22.1411,0.6173
366,TMUS,2018-06-30,0.0,6.8834,21.7794,0.6109
367,TMUS,2018-03-31,0.0,6.439,21.3581,0.5919
368,TMUS,2017-12-31,0.0,6.6484,21.9684,0.5951
369,TMUS,2017-09-30,0.0,3.3572,11.3506,0.6064
370,TMUS,2017-06-30,0.0,3.1039,10.7001,0.6004
371,TMUS,2017-03-31,0.0,2.5612,9.0055,0.5864
372,TMUS,2016-12-31,0.0,2.2758,8.0763,0.5844
373,TMUS,2016-09-30,0.0,2.2274,7.6939,0.5785
374,TMUS,2016-06-30,0.0,1.8802,6.4817,0.562
375,CME,2019-06-30,0.521798,2.5912,7.2934,0.0658
376,CME,2019-03-31,0.5393439999999999,2.6288,7.6039,0.0619
377,CME,2018-12-31,2.27393,2.5605,8.12,0.0562
378,CME,2018-09-30,0.57965,6.0744,20.4526,0.0534
379,CME,2018-06-30,0.4197590000000001,5.9735,20.1032,0.0536
380,CME,2018-03-31,0.397629,5.8632,19.6755,0.0526
381,CME,2017-12-31,0.48002100000000003,5.5985,19.0089,0.0502
382,CME,2017-09-30,0.727479,2.1156,7.1096,0.0517
383,CME,2017-06-30,0.5373899999999999,2.2738,7.9416,0.0494
384,CME,2017-03-31,0.5607800000000001,2.1715,7.5665,0.0498
385,CME,2016-12-31,3.4858580000000003,2.244,7.5031,0.0526
386,CME,2016-09-30,0.43041499999999994,2.0144,6.8121,0.0485
387,CME,2016-06-30,0.632219,1.8961,6.3284,0.0496
388,CSX,2019-06-30,0.222069,9.1946,26.1822,0.3299
389,CSX,2019-03-31,0.234245,9.1225,25.7256,0.3277
390,CSX,2018-12-31,0.21739,9.1323,24.2702,0.3381
391,CSX,2018-09-30,0.209172,18.2401,53.6942,0.3305
392,CSX,2018-06-30,0.216739,16.9568,48.2185,0.3183
393,CSX,2018-03-31,0.280144,15.8685,44.5878,0.3121
394,CSX,2017-12-31,0.043285000000000004,15.3781,41.4721,0.3207
395,CSX,2017-09-30,0.39302800000000004,5.0929,15.8719,0.3297
396,CSX,2017-06-30,0.360784,5.0702,15.3886,0.328
397,CSX,2017-03-31,0.46093900000000004,4.8918,14.7963,0.3219
398,CSX,2016-12-30,0.367347,4.886,14.6929,0.3155
399,CSX,2016-09-23,0.372659,5.0134,14.7805,0.3148
400,CSX,2016-06-24,0.385079,5.1927,15.3096,0.3232
401,BIDU,2019-03-31,,7.1062,14.2558,0.3648
402,BIDU,2018-12-31,0.0,10.0394,19.8194,0.3724
403,BIDU,2018-09-30,0.0,11.4308,22.0702,0.3803
404,BIDU,2018-06-30,0.0,9.8746,20.3471,0.368
405,BIDU,2018-03-31,0.0,9.7837,21.2398,0.3743
406,BIDU,2017-12-31,0.0,8.4384,17.6281,0.3911
407,BIDU,2017-09-30,0.0,8.9469,18.5232,0.3891
408,BIDU,2017-06-30,0.0,7.0444,14.6221,0.3896
409,BIDU,2017-03-31,0.0,6.4298,12.9489,0.4032
410,BIDU,2016-12-31,0.0,7.0531,13.4844,0.4278
411,BIDU,2016-09-30,0.0,22.2496,44.6257,0.4906
412,BIDU,2016-06-30,0.0,22.6898,44.0475,0.5053
413,AMOV,2019-06-30,1.6427029999999998,4.476,36.6168,0.682
414,AMOV,2019-03-31,0.0,3.6193,26.7131,0.6916
415,AMOV,2018-12-31,,3.6526,27.2939,0.7123
416,AMOV,2018-09-30,,1.9811,16.3873,0.7436
417,AMOV,2018-06-30,,-0.0901,-0.7351,0.7287
418,AMOV,2018-03-31,,0.8615,5.9942,0.7118
419,AMOV,2017-12-31,,1.9542,14.5509,0.6808
420,AMOV,2017-09-30,,2.4215,19.1738,0.7178
421,AMOV,2017-06-30,,3.3201,27.0928,0.7402
422,AMOV,2017-03-31,,2.9072,22.7716,0.7443
423,AMOV,2016-12-31,,0.6153,5.3858,0.6939
424,AMOV,2016-09-30,,2.1934,22.2027,0.6783
425,AMOV,2016-06-30,,1.853,17.1342,0.6672
426,VOD,2019-06-30,0.0,0.0,0.0,0.0
427,VOD,2019-03-31,0.0,0.0,0.0,0.0
428,VOD,2018-12-31,0.0,0.0,0.0,0.0
429,VOD,2018-09-30,0.0,0.0,0.0,0.0
430,VOD,2018-06-30,0.0,0.0,0.0,0.0
431,VOD,2018-03-31,0.0,0.0,0.0,0.0
432,VOD,2017-12-31,0.0,0.0,0.0,0.0
433,VOD,2017-09-30,0.0,0.0,0.0,0.0
434,VOD,2017-06-30,0.0,0.0,0.0,0.0
435,VOD,2017-03-31,0.0,0.0,0.0,0.0
436,VOD,2016-12-31,0.0,0.0,0.0,0.0
437,VOD,2016-09-30,0.0,0.0,0.0,0.0
438,VOD,2016-06-30,0.0,0.0,0.0,0.0
439,WBA,2019-05-31,0.39059099999999997,6.9426,18.5699,1.9656
440,WBA,2019-02-28,0.35337,7.2679,19.695,1.927
441,WBA,2018-11-30,0.371512,7.8003,20.6682,1.9712
442,WBA,2018-08-31,0.283614,7.4911,18.7908,1.9613
443,WBA,2018-05-31,0.295708,5.9782,14.7902,1.7772
444,WBA,2018-02-28,0.293847,5.7689,14.3987,1.7308
445,WBA,2017-11-30,0.490183,5.5511,13.9175,1.739
446,WBA,2017-08-31,0.526234,5.8804,14.2224,1.7046
447,WBA,2017-05-31,0.34760100000000005,6.086,14.0076,1.6494
448,WBA,2017-02-28,0.387736,6.1156,14.2581,1.6716
449,WBA,2016-11-30,0.38519899999999996,5.8576,13.7156,1.6621
450,WBA,2016-08-31,0.39411399999999996,5.8995,13.7403,1.659
451,ILMN,2019-06-30,0.0,14.6288,24.72,0.5309
452,ILMN,2019-03-31,0.0,13.1612,24.3386,0.5252
453,ILMN,2018-12-30,0.0,13.5232,25.388,0.5455
454,ILMN,2018-09-30,0.0,11.5883,21.5162,0.5494
455,ILMN,2018-07-01,0.0,12.102,21.7013,0.5797
456,ILMN,2018-04-01,0.0,11.1834,20.3994,0.5791
457,ILMN,2017-12-31,0.0,15.224,29.3557,0.5771
458,ILMN,2017-10-01,0.0,16.8595,30.6865,0.5593
459,ILMN,2017-07-02,0.0,16.9118,31.3476,0.5623
460,ILMN,2017-04-02,0.0,17.6308,32.5735,0.5778
461,ILMN,2017-01-01,0.0,11.615,22.8763,0.602
462,ILMN,2016-10-02,0.0,11.1407,21.2357,0.5955
463,ILMN,2016-07-03,0.0,11.255,22.4774,0.6019
464,VRTX,2019-06-30,0.0,38.9719,57.1242,0.6077
465,VRTX,2019-03-31,0.0,41.0679,60.504,0.6222
466,VRTX,2018-12-31,0.0,42.8291,64.8814,0.6225
467,VRTX,2018-09-30,0.0,16.5504,27.5506,0.7236
468,VRTX,2018-06-30,0.0,10.9003,19.0639,0.6883
469,VRTX,2018-03-31,0.0,6.5508,11.5861,0.7
470,VRTX,2017-12-31,0.0,8.1792,16.5445,0.7725
471,VRTX,2017-09-30,,6.7406,13.919,0.7905
472,VRTX,2017-06-30,0.0,8.9075,19.5924,0.7306
473,VRTX,2017-03-31,0.0,6.5261,14.4346,0.7429
474,VRTX,2016-12-31,0.0,-4.1536,-10.6892,0.631
475,VRTX,2016-09-30,,-8.6734,-22.5064,0.6588
476,VRTX,2016-06-30,,-11.1734,-29.3166,0.6327
477,MU,2019-05-30,0.0,22.8677,31.5015,0.6122
478,MU,2019-02-28,0.0,29.431,43.3311,0.6757
479,MU,2018-11-29,0.0,36.0697,52.2911,0.7703
480,MU,2018-08-30,0.0,35.9157,55.4978,0.7722
481,MU,2018-05-31,0.0,32.4262,54.3055,0.7479
482,MU,2018-03-01,0.0,27.1727,49.9775,0.7025
483,MU,2017-11-30,0.0,23.3349,43.4847,0.7122
484,MU,2017-08-31,0.0,16.1874,33.1294,0.6464
485,MU,2017-06-01,0.0,8.4655,17.9755,0.5775
486,MU,2017-03-02,0.0,2.4102,5.1769,0.5154
487,MU,2016-12-01,0.0,-1.1566,-2.4459,0.4986
488,MU,2016-09-01,,-1.068,-2.2594,0.4798
489,MU,2016-06-02,,1.4002,2.9563,0.4903
490,TSLA,2019-06-30,,-2.2062,-13.7078,0.8344
491,TSLA,2019-03-31,,-3.4482,-21.3923,0.8043
492,TSLA,2018-12-31,0.0,-3.3431,-21.3107,0.735
493,TSLA,2018-09-30,0.0,-6.2434,-38.8458,0.6109
494,TSLA,2018-06-30,,-10.0894,-60.3918,0.5072
495,TSLA,2018-03-31,,-8.9466,-49.5606,0.4767
496,TSLA,2017-12-31,,-7.6439,-43.5915,0.4583
497,TSLA,2017-09-30,,-6.916,-38.019,0.5285
498,TSLA,2017-06-30,,-4.0416,-19.9907,0.5312
499,TSLA,2017-03-31,,-4.222,-24.2374,0.4993
500,TSLA,2016-12-31,,-4.3923,-22.9068,0.4556
501,TSLA,2016-09-30,0.0,-8.679,-43.1316,0.5889
502,TSLA,2016-06-30,,-12.2779,-68.7798,0.4982
503,BIIB,2019-06-30,0.0,21.075,41.9937,0.5602
504,BIIB,2019-03-31,0.0,17.7655,33.472,0.5258
505,BIIB,2018-12-31,0.0,18.1061,34.5441,0.5498
506,BIIB,2018-09-30,0.0,13.1225,23.9343,0.545
507,BIIB,2018-06-30,0.0,12.9866,24.8946,0.5632
508,BIIB,2018-03-31,0.0,12.5382,23.2204,0.5327
509,BIIB,2017-12-31,,10.914,20.5156,0.5276
510,BIIB,2017-09-30,0.0,15.4309,27.9102,0.5241
511,BIIB,2017-06-30,0.0,15.2171,28.6441,0.5415
512,BIIB,2017-03-31,0.0,16.6203,31.9135,0.5509
513,BIIB,2016-12-31,0.0,17.4736,34.424,0.5403
514,BIIB,2016-09-30,0.0,18.141,34.2456,0.5329999999999999
515,BIIB,2016-06-30,0.0,19.9504,31.8472,0.5873
516,MAR,2019-06-30,0.690621,5.7738,68.9537,0.8476
517,MAR,2019-03-31,0.370667,7.4832,71.271,0.8433
518,MAR,2018-12-31,0.442205,7.9382,64.9905,0.8732
519,MAR,2018-09-30,0.2943,7.0066,49.2686,0.862
520,MAR,2018-06-30,0.217232,7.0655,43.5546,0.8694
521,MAR,2018-03-31,0.280952,6.2302,34.5317,0.8490000000000001
522,MAR,2017-12-31,1.056868,6.0809,32.6435,0.8524
523,MAR,2017-09-30,0.253318,6.4544,30.6964,0.8391
524,MAR,2017-06-30,0.255429,7.6905,,1.2788
525,MAR,2017-03-31,0.31124,6.2038,,1.2123
526,MAR,2016-12-31,0.476926,5.1618,,1.1298
527,MAR,2016-09-30,1.140857,4.7376000000000005,,0.9836
528,MAR,2016-06-30,0.30886600000000003,13.5379,,2.3064
529,JD,2019-06-30,0.0,2.6432,9.577,2.2018
530,JD,2019-03-31,0.0,1.6528,,2.417
531,JD,2018-12-31,,-1.2673,-4.4568,2.3499
532,JD,2018-09-30,0.0,0.7127,2.432,2.2202
533,JD,2018-06-30,,-0.2917,-1.0726,2.0852
534,JD,2018-03-31,0.0,0.6368,,2.1752
535,JD,2017-12-31,,-0.0537,-0.2154,2.104
536,JD,2017-09-30,0.0,-0.5584,-2.0895,2.0427
537,JD,2017-06-30,,-1.7938,-6.3497,1.9473
538,JD,2017-03-31,0.0,-1.9301,-7.9433,2.0844
539,JD,2016-12-31,,-3.1027,-11.8084,2.1137
540,JD,2016-09-30,,-8.307,-26.2118,2.0638
541,JD,2016-06-30,,-8.3219,-23.851,2.004
542,WDAY,2019-04-30,0.0,-8.5588,-24.8578,0.5634
543,WDAY,2019-01-31,0.0,-7.991,-23.6384,0.5392
544,WDAY,2018-10-31,0.0,-8.4265,-23.8925,0.547
545,WDAY,2018-07-31,0.0,-8.2037,-21.3129,0.5943
546,WDAY,2018-04-30,0.0,-8.0516,-22.268,0.5541
547,WDAY,2018-01-31,0.0,-7.8197,-22.4869,0.5217
548,WDAY,2017-10-31,0.0,-8.4624,-23.0984,0.5283
549,WDAY,2017-07-31,0.0,-10.9181,-26.4976,0.5882
550,WDAY,2017-04-30,0.0,-12.0053,-29.1384,0.5534
551,WDAY,2017-01-31,0.0,-12.6532,-30.7404,0.5179
552,WDAY,2016-10-31,0.0,-13.6832,-32.0047,0.5285
553,WDAY,2016-07-31,0.0,-12.8927,-29.1936,0.5041
554,CTSH,2019-06-30,0.221611,13.686,19.5709,1.0855
555,CTSH,2019-03-31,0.259864,12.9861,18.2788,1.0483
556,CTSH,2018-12-31,0.178395,13.4965,19.0196,1.0358
557,CTSH,2018-09-30,0.242767,9.6135,13.071,1.0601
558,CTSH,2018-06-30,0.256579,10.1099,13.7523,1.0793
559,CTSH,2018-03-31,0.225769,10.2323,13.9907,1.0585
560,CTSH,2017-12-31,,10.2025,14.058,1.0046
561,CTSH,2017-09-30,0.17878799999999995,13.6977,18.2217,1.0209
562,CTSH,2017-06-30,0.187979,13.9375,18.5492,1.0437
563,CTSH,2017-03-31,0.0,12.6608,17.0347,1.0492
564,CTSH,2016-12-31,0.0,11.3677,15.5253,0.9872
565,CTSH,2016-09-30,0.0,12.0149,16.329,1.0205
566,CTSH,2016-06-30,0.0,12.1439,16.4554,1.042
567,ADI,2019-05-04,0.541921,7.3808,14.0666,0.2931
568,ADI,2019-02-02,0.49852,7.5103,14.6149,0.294
569,ADI,2018-11-03,0.41138500000000006,7.4102,14.572,0.3029
570,ADI,2018-08-04,0.43002799999999997,6.9878,14.011,0.2997
571,ADI,2018-05-05,0.444097,4.6842,10.8032,0.2576
572,ADI,2018-02-03,0.5664020000000001,5.1736,10.2639,0.3664
573,ADI,2017-10-28,0.476397,4.9964,9.4898,0.3509
574,ADI,2017-07-29,2.3984520000000003,4.6928,9.0669,0.3174
575,ADI,2017-04-29,1.641574,4.8974,11.2839,0.2343
576,ADI,2017-01-28,0.597295,10.2721,17.750999999999994,0.4086
577,ADI,2016-10-29,0.43658800000000003,11.4666,16.8317,0.4553
578,ADI,2016-07-30,0.559809,8.9315,13.1724,0.4584
579,REGN,2019-06-30,0.0,17.8958,24.427,0.6259
580,REGN,2019-03-31,0.0,21.8429,30.3212,0.6219
581,REGN,2018-12-31,0.0,23.8497,32.8083,0.6548
582,REGN,2018-09-30,0.0,18.4299,25.826999999999998,0.6526
583,REGN,2018-06-30,0.0,17.623,25.0443,0.6869
584,REGN,2018-03-31,0.0,16.6089,24.9708,0.7056
585,REGN,2017-12-31,0.0,15.2308,22.6273,0.7463
586,REGN,2017-09-30,0.0,16.4604,24.2456,0.7105
587,REGN,2017-06-30,0.0,16.1351,24.0605,0.7317
588,REGN,2017-03-31,0.0,14.0367,22.3157,0.7256
589,REGN,2016-12-31,0.0,14.2339,22.1,0.7726
590,REGN,2016-09-30,0.0,13.2779,20.4774,0.7879
591,REGN,2016-06-30,0.0,13.8465,20.0404,0.8664
592,AMAT,2019-07-28,0.34325700000000003,15.7218,38.6052,0.8105
593,AMAT,2019-04-28,0.28378400000000004,18.7052,45.739,0.8464
594,AMAT,2019-01-27,0.24824899999999997,20.3188,46.904,0.8715
595,AMAT,2018-10-28,0.22260300000000002,17.8884,40.9287,0.932
596,AMAT,2018-07-29,0.16965,18.506,44.0126,0.9318
597,AMAT,2018-04-29,0.187091,17.2682,41.5891,0.8981
598,AMAT,2018-01-28,0.64,16.5927,35.7685,0.8859999999999999
599,AMAT,2017-10-29,0.10896099999999999,20.2065,41.4584,0.8554
600,AMAT,2017-07-30,0.115676,18.6838,39.4207,0.846
601,AMAT,2017-04-30,0.13106800000000002,16.8737,35.7583,0.8266
602,AMAT,2017-01-29,0.15362699999999999,14.9667,28.7849,0.8293
603,AMAT,2016-10-30,0.17704899999999998,11.5202,23.2097,0.7246
604,AMAT,2016-07-31,0.21386100000000002,10.7776,19.5593,0.7371
605,KHC,2019-06-29,1.0868600000000002,-9.858,-18.9302,0.2278
606,KHC,2019-03-30,1.2049379999999998,-9.6189,-18.2957,0.2311
607,KHC,2018-12-29,,-9.1182,-17.3451,0.235
608,KHC,2018-10-01,,,,
609,KHC,2018-09-29,1.230816,8.6564,16.7422,0.219
610,KHC,2018-06-30,1.0104440000000001,8.8376,17.208,0.2165
611,KHC,2018-03-31,0.7595959999999999,9.1514,17.8614,0.2156
612,KHC,2017-12-31,,,,
613,KHC,2017-12-30,0.09536599999999999,9.0958,17.7583,0.2168
614,KHC,2017-09-30,0.8337899999999999,3.2036,6.6413,0.215
615,KHC,2017-07-01,0.6321800000000001,3.1443,6.5309,0.2149
616,KHC,2017-04-01,0.821918,2.9343,5.885,0.2133
617,KHC,2016-12-31,0.798238,2.9542,5.9386,0.2161
618,KHC,2016-10-02,0.8679330000000001,2.7447,4.7968,0.2203
619,KHC,2016-07-03,0.908799,,,
620,ADSK,2019-04-30,,-0.5184,,0.6297
621,ADSK,2019-01-31,0.0,-1.8275,,0.5812
622,ADSK,2018-10-31,,-8.0491,,0.6021
623,ADSK,2018-07-31,,-10.1405,,0.5474
624,ADSK,2018-04-30,,-12.4586,,0.5108
625,ADSK,2018-01-31,,-12.7226,,0.4616
626,ADSK,2017-10-31,,-12.6219,-97.0631,0.4413
627,ADSK,2017-07-31,,-12.5471,-71.6124,0.4161
628,ADSK,2017-04-30,,-11.2898,-55.9671,0.4161
629,ADSK,2017-01-31,,-11.2882,-49.4731,0.3939
630,ADSK,2016-10-31,,-8.7848,-31.5997,0.4379
631,ADSK,2016-07-31,,-6.5915,-21.1763,0.4448
632,ROST,2019-05-04,0.219847,21.1062,49.7153,2.0161
633,ROST,2019-02-02,0.21084,26.9158,49.9589,2.5405
634,ROST,2018-11-03,0.24496,26.6024,52.8149,2.4901
635,ROST,2018-08-04,0.214384,26.7088,50.8873,2.5654
636,ROST,2018-05-05,0.201085,25.2291,49.4238,2.4913
637,ROST,2018-02-03,0.13354000000000002,24.7068,47.0132,2.5626
638,ROST,2017-10-28,0.22120399999999998,21.815,44.0292,2.4426
639,ROST,2017-07-29,0.193599,22.088,43.3672,2.4905
640,ROST,2017-04-29,0.192604,21.5247,43.1822,2.4532
641,ROST,2017-01-28,0.17438599999999999,21.9611,42.8219,2.5282
642,ROST,2016-10-29,0.215777,21.09,42.87600000000001,2.4591
643,ROST,2016-07-30,0.188473,21.0082,42.0872,2.4561
644,NTES,2019-06-30,0.30804200000000004,10.4013,18.5009,0.8778
645,NTES,2019-03-31,0.255434,9.4212,16.8717,0.8636
646,NTES,2018-12-31,0.24875100000000003,7.7879,13.5272,0.8501
647,NTES,2018-09-30,0.24138,7.8372,12.9884,0.8454
648,NTES,2018-06-30,0.251208,9.4898,15.3104,0.8185
649,NTES,2018-03-31,0.251888,11.0328,17.506,0.7997
650,NTES,2017-12-31,0.252379,16.5933,25.5185,0.8384
651,NTES,2017-09-30,0.24972399999999997,22.5654,32.7558,0.8884
652,NTES,2017-06-30,0.32460500000000003,24.0033,34.9274,0.871
653,NTES,2017-03-31,0.233693,24.6321,35.9741,0.8277
654,NTES,2016-12-31,0.24743,23.3987,34.4189,0.7698
655,NTES,2016-09-30,0.256939,23.2228,32.5155,0.7825
656,NTES,2016-06-30,0.250942,22.8504,31.5687,0.7786
657,ATVI,2019-06-30,0.864085,9.5055,15.0965,0.4013
658,ATVI,2019-03-31,0.632394,9.6795,16.4277,0.405
659,ATVI,2018-12-31,0.0,9.928,17.4072,0.4109
660,ATVI,2018-09-30,0.0,3.3574,5.6046,0.416
661,ATVI,2018-06-30,0.0,2.9109,5.0446,0.4181
662,ATVI,2018-03-31,0.5161199999999999,1.965,3.6043,0.411
663,ATVI,2017-12-31,,1.5116,2.9385,0.3886
664,ATVI,2017-09-30,0.0,6.1555,11.8286,0.3872
665,ATVI,2017-06-30,0.0,6.7155000000000005,12.2941,0.4153
666,ATVI,2017-03-31,0.527465,6.0193,11.5947,0.402
667,ATVI,2016-12-31,0.0,5.9147,11.2294,0.4041
668,ATVI,2016-09-30,0.0,5.3363,10.3528,0.3639
669,ATVI,2016-06-30,0.0,5.225,9.7218,0.3506
670,FISV,2019-06-30,0.0,6.4371,35.619,0.4004
671,FISV,2019-03-31,0.0,9.0555,36.8686,0.5388
672,FISV,2018-12-31,0.0,11.0157,47.2532,0.5404
673,FISV,2018-09-30,0.0,13.8158,57.7529,0.5526
674,FISV,2018-06-30,0.0,14.5908,55.4093,0.5804
675,FISV,2018-03-31,0.0,14.3181,52.7155,0.5782
676,FISV,2017-12-31,0.0,12.4401,47.2686,0.5687
677,FISV,2017-09-30,0.0,9.2257,37.2027,0.5657
678,FISV,2017-06-30,0.0,9.3365,35.6447,0.5819
679,FISV,2017-03-31,0.0,9.2269,34.769,0.5786
680,FISV,2016-12-31,0.0,9.7469,35.7624,0.5770000000000001
681,FISV,2016-09-30,0.0,9.5038,33.2475,0.5721
682,FISV,2016-06-30,0.0,9.4989,31.3915,0.5623
683,XLNX,2019-06-29,0.3880960000000001,18.7801,38.1719,0.6434
684,XLNX,2019-03-30,0.37356,17.4258,34.0779,0.5991
685,XLNX,2018-12-29,0.380605,15.0955,31.6117,0.5478
686,XLNX,2018-09-29,0.42221,10.5859,21.8511,0.5241
687,XLNX,2018-06-30,0.47867,9.7961,20.4564,0.5026
688,XLNX,2018-03-31,0.612463,9.468,19.057,0.5034
689,XLNX,2017-12-30,,9.4805,19.4844,0.4898
690,XLNX,2017-09-30,0.499755,12.5547,24.4702,0.4862
691,XLNX,2017-07-01,0.55181,12.3175,24.0528,0.4748
692,XLNX,2017-04-01,0.535601,13.0235,24.4173,0.4915
693,XLNX,2016-12-31,0.583901,12.6175,24.229,0.4748
694,XLNX,2016-10-01,0.5094270000000001,12.2629,22.9568,0.4659
695,XLNX,2016-07-02,0.511854,11.5058,21.7089,0.4552
696,EBAY,2019-06-30,0.298759,10.634,42.6769,0.4808
697,EBAY,2019-03-31,0.24184299999999997,11.2661,41.2688,0.4611
698,EBAY,2018-12-31,0.0,10.3678,35.3105,0.4404
699,EBAY,2018-09-30,0.0,-3.3511,-9.1259,0.4265
700,EBAY,2018-06-30,0.0,-4.01,-11.0849,0.4051
701,EBAY,2018-03-31,0.0,-6.6649,-17.1435,0.4134
702,EBAY,2017-12-31,,-4.0816,-10.9425,0.3984
703,EBAY,2017-09-30,0.0,32.3824,83.0847,0.414
704,EBAY,2017-06-30,0.0,31.2284,82.7021,0.3932
705,EBAY,2017-03-31,0.0,35.208,87.3046,0.4118
706,EBAY,2016-12-31,0.0,34.931,84.90799999999999,0.4317
707,EBAY,2016-09-30,0.0,9.3048,27.1505,0.4586
708,EBAY,2016-06-30,0.0,5.8887,14.7231,0.2677
709,ERIC,2019-06-30,0.0,0.0784,0.2416,0.8111
710,ERIC,2019-03-31,0.0,-1.2397,-3.8078,0.7944
711,ERIC,2018-12-31,0.0,-2.4705,-7.1012,0.7977
712,ERIC,2018-09-30,0.0,-6.9361,-17.561,0.7702
713,ERIC,2018-06-30,0.0,-9.1657,-22.9533,0.7423
714,ERIC,2018-03-31,0.0,-8.4447,-21.3383,0.727
715,ERIC,2017-12-31,0.0,-11.9758,-28.1413,0.755
716,ERIC,2017-09-30,0.0,-5.7846,-12.6538,0.7835
717,ERIC,2017-06-30,0.0,-4.4815,-9.5645,0.7763
718,ERIC,2017-03-31,0.0,-3.6043,-7.6203,0.7622
719,ERIC,2016-12-31,0.0,0.6037,1.2209,0.7831
720,ERIC,2016-09-30,0.0,3.7452,7.6796,0.8336
721,ERIC,2016-06-30,0.0,4.9214,10.091,0.8594
722,ALXN,2019-06-30,0.0,9.506,14.0891,0.3207
723,ALXN,2019-03-31,0.0,2.9925,4.4252,0.3119
724,ALXN,2018-12-31,,0.5641,0.8594,0.3003
725,ALXN,2018-09-30,0.0,1.1104,1.6848999999999998,0.2847
726,ALXN,2018-06-30,,-0.7435,-1.137,0.2776
727,ALXN,2018-03-31,0.0,3.8313,5.8134,0.265
728,ALXN,2017-12-31,0.0,3.3037,5.0413,0.2646
729,ALXN,2017-09-30,0.0,3.7577,5.8012,0.2578
730,ALXN,2017-06-30,0.0,3.9377,6.1156,0.2573
731,ALXN,2017-03-31,0.0,3.6353,5.6377,0.2479
732,ALXN,2016-12-31,0.0,3.0269,4.7048,0.2341
733,ALXN,2016-09-30,0.0,2.8208,4.4519,0.2234
734,ALXN,2016-06-30,0.0,0.7271,1.1371,0.2154
735,PAYX,2019-05-31,0.9671350000000001,12.4691,41.5731,0.4548
736,PAYX,2019-02-28,0.619692,11.8762,44.0056,0.4229
737,PAYX,2018-11-30,0.8528239999999999,14.4931,48.4499,0.4771
738,PAYX,2018-08-31,0.8255170000000001,14.0059,47.4416,0.47
739,PAYX,2018-05-31,0.923473,13.4801,46.1075,0.458
740,PAYX,2018-02-28,0.489107,13.7313,49.2973,0.4707
741,PAYX,2017-11-30,0.903169,11.9905,42.6476,0.474
742,PAYX,2017-08-31,0.8528990000000001,11.8151,41.2167,0.4606
743,PAYX,2017-05-31,0.8462780000000001,12.3138,42.2705,0.4748
744,PAYX,2017-02-28,0.8155060000000001,11.1297,42.4366,0.4321
745,PAYX,2016-11-30,0.819852,13.1944,42.3528,0.5195
746,PAYX,2016-08-31,0.763845,12.6673,40.4933,0.4991
747,AMD,2019-06-29,0.0,4.1499,13.741,1.2765
748,AMD,2019-03-30,0.0,6.2572,21.7339,1.4033
749,AMD,2018-12-29,0.0,8.3128,36.1976,1.5972
750,AMD,2018-09-29,0.0,7.0591,34.0426,1.6125
751,AMD,2018-06-30,0.0,6.3964,36.8827,1.6933
752,AMD,2018-03-31,0.0,2.294,14.4128,1.6205
753,AMD,2017-12-31,,,,
754,AMD,2017-12-30,,-0.9603,-6.5217,1.5286
755,AMD,2017-09-30,0.0,-1.8328,-14.5856,1.4068
756,AMD,2017-07-01,,-15.9438,,1.4325
757,AMD,2017-04-01,,-13.4395,,1.4857
758,AMD,2016-12-31,,-15.5504,,1.3486
759,AMD,2016-09-24,,-16.0117,,1.205
760,AMD,2016-06-25,0.0,-10.1239,,1.1581
761,LRCX,2019-06-30,0.300732,17.9032,39.2177,0.7887
762,LRCX,2019-03-31,0.303844,20.112,44.1656,0.7846
763,LRCX,2018-12-23,0.299767,24.5107,48.6634,0.9182
764,LRCX,2018-09-23,0.321029,19.8949,36.8961,0.9359
765,LRCX,2018-06-24,0.173342,19.3534,35.7478,0.9005
766,LRCX,2018-03-25,0.104249,14.7694,27.8385,0.8063
767,LRCX,2017-12-24,,13.767,26.8266,0.7824
768,LRCX,2017-09-24,0.12358399999999999,16.1743,30.0923,0.7078
769,LRCX,2017-06-25,0.138664,13.9235,26.7113,0.6572
770,LRCX,2017-03-26,0.127948,13.0622,22.9974,0.6589
771,LRCX,2016-12-25,0.219948,9.393,16.7228,0.5994
772,LRCX,2016-09-25,0.18193199999999998,7.9998,15.4068,0.5324
773,LRCX,2016-06-26,0.185212,8.4521,16.6226,0.5443
774,MNST,2019-06-30,0.0,22.0393,27.6871,0.8291
775,MNST,2019-03-31,0.0,22.1039,27.4196,0.8306
776,MNST,2018-12-31,0.0,21.3139,26.4585,0.8172
777,MNST,2018-09-30,0.0,19.9414,24.9358,0.7709999999999999
778,MNST,2018-06-30,0.0,19.6447,24.5552,0.7775
779,MNST,2018-03-31,0.0,18.8946,23.1911,0.7652
780,MNST,2017-12-31,0.0,18.3505,22.718000000000004,0.7533
781,MNST,2017-09-30,0.0,17.7143,22.1111,0.7406
782,MNST,2017-06-30,0.0,17.5461,21.962,0.7317
783,MNST,2017-03-31,0.0,14.2045,17.0566,0.6081
784,MNST,2016-12-31,0.0,14.6571,17.5126,0.6271
785,MNST,2016-09-30,0.0,13.79,16.8505,0.5978
786,MNST,2016-06-30,0.0,13.4575,16.4382,0.5920000000000001
787,EA,2019-06-30,0.0,23.8609,36.5602,0.5581
788,EA,2019-03-31,0.0,11.6185,20.5319,0.5644
789,EA,2018-12-31,0.0,16.1952,30.053,0.6051
790,EA,2018-09-30,0.0,11.8373,19.9691,0.631
791,EA,2018-06-30,0.0,8.8593,14.2007,0.6194
792,EA,2018-03-31,0.0,12.796,24.1017,0.6318
793,EA,2017-12-31,,12.2486,26.2475,0.6228
794,EA,2017-09-30,,16.0254,29.6898,0.6864
795,EA,2017-06-30,0.0,16.7525,28.554,0.7186
796,EA,2017-03-31,0.0,13.0959,25.9319,0.6561
797,EA,2016-12-31,,18.3241,39.5859,0.6521
798,EA,2016-09-30,,19.485,37.1928,0.7054
799,EA,2016-06-30,0.0,18.7246,32.7283,0.7243
800,NXPI,2019-06-30,0.0,9.6835,18.3561,0.4191
801,NXPI,2019-03-31,,9.5047,18.1733,0.4122
802,NXPI,2018-12-31,0.26555300000000004,9.6887,18.3755,0.4128
803,NXPI,2018-09-30,0.044304,11.9735,22.9017,0.4219
804,NXPI,2018-07-01,0.0,4.2056,7.3953,0.4064
805,NXPI,2018-04-01,0.0,4.0552,7.4239,0.3902
806,NXPI,2017-12-31,0.0,9.0506,18.1097,0.3782
807,NXPI,2017-10-01,0.0,8.1589,16.9655,0.3804
808,NXPI,2017-07-02,0.0,8.152000000000001,16.7483,0.3867
809,NXPI,2017-04-02,0.0,7.7694,16.1401,0.3872
810,NXPI,2016-12-31,0.0,0.7805,1.7816999999999998,0.3706
811,NXPI,2016-10-02,0.0,3.9465,11.3996,0.5244
812,NXPI,2016-07-03,,5.6264,15.9903,0.4709
813,XEL,2019-06-30,0.878151,2.7127,10.4847,0.2509
814,XEL,2019-03-31,0.666667,2.8261,10.765999999999998,0.2577
815,XEL,2018-12-31,0.9116280000000001,2.8354,10.6601,0.2592
816,XEL,2018-09-30,0.394705,2.8315,10.4726,0.2624
817,XEL,2018-06-30,0.7358490000000001,2.8734,10.8637,0.2653
818,XEL,2018-03-31,0.666667,2.8397,10.595999999999998,0.2702
819,XEL,2017-12-31,0.9755870000000001,2.725,10.2064,0.2709
820,XEL,2017-09-30,0.372439,2.8628,10.5683,0.2754
821,XEL,2017-06-30,0.810573,2.8294,10.5459,0.2809
822,XEL,2017-03-31,0.769874,2.7893,10.3091,0.2808
823,XEL,2016-12-31,0.761927,2.8083,10.3876,0.2778
824,XEL,2016-09-30,0.379615,2.8203,10.2627,0.2797
825,XEL,2016-06-30,0.881948,2.7973,10.2383,0.2819
826,SIRI,2019-06-30,0.210163,10.3909,0.0,0.6815
827,SIRI,2019-03-31,0.341414,10.74,0.0,0.6289
828,SIRI,2018-12-31,0.212127,14.2514,0.0,0.6994
829,SIRI,2018-09-30,0.14345,10.4909,0.0,0.6709999999999999
830,SIRI,2018-06-30,0.16863699999999998,9.8579,0.0,0.6717
831,SIRI,2018-03-31,0.17069099999999998,8.9985,0.0,0.6785
832,SIRI,2017-12-31,,7.9337,0.0,0.6643
833,SIRI,2017-09-30,0.167501,10.419,0.0,0.6236
834,SIRI,2017-06-30,0.230194,9.7978,0.0,0.6335
835,SIRI,2017-03-31,0.22747199999999998,9.8432,0.0,0.6444
836,SIRI,2016-12-31,0.0,9.295,0.0,0.6252
837,SIRI,2016-09-30,0.0,8.1617,0.0,0.5929
838,SIRI,2016-06-30,0.0,7.8389,0.0,0.5804
839,TEAM,2019-06-30,,-23.6196,-86.587,0.4483
840,TEAM,2019-03-31,,-20.0549,-54.0473,0.527
841,TEAM,2018-12-31,0.0,-11.8534,-28.3909,0.5132
842,TEAM,2018-09-30,,-17.8764,-42.4108,0.4875
843,TEAM,2018-06-30,,-6.3337,-13.0293,0.474
844,TEAM,2018-03-31,,-8.6037,-12.925,0.6201
845,TEAM,2017-12-31,,-9.5285,-13.7529,0.6229
846,TEAM,2017-09-30,,-4.2928,-6.0038,0.5675
847,TEAM,2017-06-30,,-3.7369,-5.229,0.545
848,TEAM,2017-03-31,,-2.4287,-3.3965,0.5254
849,TEAM,2016-12-31,,-1.0115,-1.3507,0.5315
850,TEAM,2016-09-30,,-0.4576,-0.6714,0.6729
851,TEAM,2016-06-30,,0.6301,0.9489,0.6585
852,MELI,2019-06-30,0.0,0.5124,1.362,0.5895
853,MELI,2019-03-31,0.0,-0.3827,-0.9567,0.5164
854,MELI,2018-12-31,,-1.87,-11.0446,0.7359
855,MELI,2018-09-30,,-5.6078,-27.2675,0.7533
856,MELI,2018-06-30,,-4.238,-20.9283,0.8706
857,MELI,2018-03-31,,-2.9755000000000003,-12.9659,0.7916
858,MELI,2017-12-31,,0.9064,3.6521,0.8002
859,MELI,2017-09-30,0.23941300000000001,9.2436,33.1644,0.7757
860,MELI,2017-06-30,1.245975,10.8684,34.9918,0.7849
861,MELI,2017-03-31,0.136519,12.0474,37.0246,0.7451
862,MELI,2016-12-31,0.128997,11.5025,35.497,0.7123
863,MELI,2016-09-30,0.17023,10.6656,32.6937,0.6614
864,MELI,2016-06-30,0.417707,12.0983,36.8708,0.6541
865,PCAR,2019-06-30,0.17918299999999998,9.2436,25.763,0.9801
866,PCAR,2019-03-31,0.176636,9.2594,26.1645,0.9744
867,PCAR,2018-12-31,1.376834,8.9738,26.378,0.9605
868,PCAR,2018-09-30,0.180077,9.153,25.7936,0.9405
869,PCAR,2018-06-30,0.175976,8.9316,25.3515,0.951
870,PCAR,2018-03-31,0.17208600000000002,8.3755,23.9924,0.9314
871,PCAR,2017-12-31,0.8667520000000001,7.6009,22.5949,0.8828
872,PCAR,2017-09-30,0.21846300000000002,6.2388,18.4366,0.8201
873,PCAR,2017-06-30,0.23579099999999997,6.0639,18.5543,0.794
874,PCAR,2017-03-31,0.271943,6.7298,21.2568,0.8006
875,PCAR,2016-12-31,1.021925,2.4992,7.6061,0.816
876,PCAR,2016-09-30,0.24332800000000002,2.7306,8.1008,0.8152
877,PCAR,2016-06-30,0.174976,3.1049,9.5503,0.8364
878,CTRP,2019-03-31,0.0,2.5744,5.2197,0.1788
879,CTRP,2018-12-31,,0.639,1.2964,0.1779
880,CTRP,2018-09-30,,1.5043,3.1295,0.1678
881,CTRP,2018-06-30,0.0,3.0926,6.1958,0.16899999999999998
882,CTRP,2018-03-31,0.0,2.0075,3.9286,0.1744
883,CTRP,2017-12-31,0.0,1.4055,2.7562,0.1748
884,CTRP,2017-09-30,0.0,1.6402,3.2822,0.172
885,CTRP,2017-06-30,0.0,0.8095,1.6076,0.1734
886,CTRP,2017-03-31,0.0,0.1563,0.3076,0.1649
887,CTRP,2016-12-31,0.0,-1.0869,-2.4649,0.1461
888,CTRP,2016-09-30,0.0,-2.1647,-5.0385,0.1844
889,CTRP,2016-06-30,,0.495,1.1886,0.1854
890,GOLD,2019-06-30,0.361237,-4.5181,-10.3896,0.2736
891,GOLD,2019-03-31,0.628829,-5.4873,-12.6969,0.2601
892,GOLD,2018-12-31,,-6.4457,-18.3068,0.3022
893,GOLD,2018-09-30,,-2.6916,-7.1486,0.3077
894,GOLD,2018-06-30,,-1.025,-2.7477,0.3033
895,GOLD,2018-03-31,0.22158200000000003,3.5401,10.1534,0.3154
896,GOLD,2017-12-31,,5.6869,16.7005,0.3312
897,GOLD,2017-09-30,,8.5878,25.4144,0.3339
898,GOLD,2017-06-30,0.032269,9.1926,27.8262,0.3411
899,GOLD,2017-03-31,0.05151699999999999,5.4735,17.9857,0.333
900,GOLD,2016-12-31,0.037882,2.5401,8.668,0.3319
901,GOLD,2016-09-30,0.13314299999999998,-8.2447,-27.6644,0.2922
902,GOLD,2016-06-30,0.16884100000000002,-9.6297,-32.334,0.289
903,ALGN,2019-06-30,0.0,19.5774,32.1876,1.0271
904,ALGN,2019-03-31,0.0,18.7305,31.5729,1.0348
905,ALGN,2018-12-31,0.0,20.8648,33.2534,1.0252
906,ALGN,2018-09-30,0.0,17.27,26.3676,1.0225
907,ALGN,2018-06-30,0.0,17.0017,25.6646,0.9999
908,ALGN,2018-03-31,0.0,15.9076,23.7407,0.987
909,ALGN,2017-12-31,0.0,14.5539,21.5305,0.9266
910,ALGN,2017-09-30,0.0,17.587,24.9528,0.8803
911,ALGN,2017-06-30,0.0,16.9556,23.9004,0.8839
912,ALGN,2017-03-31,0.0,16.3906,22.5675,0.8636
913,ALGN,2016-12-31,0.0,14.8492,20.5805,0.8454
914,ALGN,2016-09-30,0.0,15.6606,21.568,0.8341
915,ALGN,2016-06-30,0.0,14.6665,19.9073,0.8299
916,WLTW,2019-06-30,0.6123190000000001,2.4417,8.3374,0.2477
917,WLTW,2019-03-31,0.294425,2.1881,7.3878,0.2434
918,WLTW,2018-12-31,0.223545,2.1436,6.9577,0.2626
919,WLTW,2018-09-30,1.8,1.7209,5.6301,0.2517
920,WLTW,2018-06-30,1.365517,1.3853,4.5288,0.2452
921,WLTW,2018-03-31,0.371163,1.3214,4.1909,0.2461
922,WLTW,2017-12-31,0.28771399999999997,1.8115,5.6263,0.2616
923,WLTW,2017-09-30,,1.1144,3.4523,0.2513
924,WLTW,2017-06-30,2.184242,1.1629,3.5565,0.2447
925,WLTW,2017-03-31,0.211076,1.281,3.9013,0.2443
926,WLTW,2016-12-31,1.934118,1.2711,5.0756,0.3213
927,WLTW,2016-09-30,,1.0239,3.8602,0.2795
928,WLTW,2016-06-30,0.926667,1.5889,5.9957,0.2367
929,MCHP,2019-06-30,1.7179490000000002,1.9784,7.1244,0.2912
930,MCHP,2019-03-31,0.497618,2.6752,8.3083,0.4021
931,MCHP,2018-12-31,1.7540650000000002,2.4955,7.8575,0.3822
932,MCHP,2018-09-30,0.8920040000000001,0.2066,0.6333,0.3474
933,MCHP,2018-06-30,2.3949580000000004,0.8881,2.8232,0.3111
934,MCHP,2018-03-31,0.581303,3.2037,7.7979,0.4993
935,MCHP,2017-12-31,,3.2167,8.5386,0.5084
936,MCHP,2017-09-30,0.446617,7.9823,19.9103,0.4919
937,MCHP,2017-06-30,0.485932,5.8841,15.0902,0.4697
938,MCHP,2017-03-31,0.6025590000000001,2.4893,6.072,0.5154
939,MCHP,2016-12-31,0.726697,1.5104,4.052,0.4865
940,MCHP,2016-09-30,2.184179,0.7639,2.1133,0.4306
941,MCHP,2016-06-30,,1.3115,3.4591,0.3993
942,VRSN,2019-06-30,0.0,33.1416,0.0,0.645
943,VRSN,2019-03-31,0.0,25.3162,0.0,0.5066
944,VRSN,2018-12-31,0.0,23.992,0.0,0.5004
945,VRSN,2018-09-30,0.0,20.9944,0.0,0.502
946,VRSN,2018-06-30,0.0,22.5737,0.0,0.5591
947,VRSN,2018-03-31,0.0,18.2001,0.0,0.4504
948,VRSN,2017-12-31,0.0,17.3339,0.0,0.4417
949,VRSN,2017-09-30,0.0,17.6693,0.0,0.444
950,VRSN,2017-06-30,0.0,19.7273,0.0,0.4942
951,VRSN,2017-03-31,0.0,19.3827,0.0,0.4953
952,VRSN,2016-12-31,0.0,18.7816,0.0,0.4868
953,VRSN,2016-09-30,0.0,17.9117,0.0,0.463
954,VRSN,2016-06-30,0.0,16.9771,0.0,0.4531
955,VRSK,2019-06-30,0.0,9.7282,27.8692,0.4058
956,VRSK,2019-03-31,0.0,9.5345,27.5604,0.3875
957,VRSK,2018-12-31,0.0,10.0448,29.965,0.4018
958,VRSK,2018-09-30,0.0,11.4484,34.4591,0.4097
959,VRSK,2018-06-30,0.0,11.1864,34.5699,0.4209
960,VRSK,2018-03-31,0.0,10.5369,32.4547,0.4045
961,VRSK,2017-12-31,0.0,10.4229,34.0782,0.4028
962,VRSK,2017-09-30,0.0,8.9167,29.2119,0.4036
963,VRSK,2017-06-30,0.0,9.6989,32.0122,0.4219
964,VRSK,2017-03-31,0.0,11.9026,45.4025,0.3929
965,VRSK,2016-12-31,0.0,11.5659,43.7287,0.3903
966,VRSK,2016-09-30,0.0,11.5643,42.724,0.3817
967,VRSK,2016-06-30,0.0,11.428,44.5414,0.3693
968,LULU,2019-05-05,0.0,22.5824,33.6503,1.529
969,LULU,2019-02-03,0.0,23.6972,31.7983,1.6107
970,LULU,2018-10-28,0.0,20.8078,27.2343,1.6478000000000002
971,LULU,2018-07-29,0.0,19.5975,25.7266,1.6373
972,LULU,2018-04-29,0.0,16.7117,20.28,1.5347
973,LULU,2018-01-28,0.0,14.1499,17.4953,1.4492
974,LULU,2017-10-29,0.0,17.192999999999998,20.9492,1.5692
975,LULU,2017-07-30,0.0,18.3326,22.2691,1.5702
976,LULU,2017-04-30,0.0,19.2157,23.2932,1.5737
977,LULU,2017-01-29,0.0,20.4186,25.4146,1.5779
978,LULU,2016-10-30,0.0,20.3294,25.1421,1.6131
979,LULU,2016-07-31,0.0,19.8936,23.9405,1.6194
980,UAL,2019-06-30,0.0,5.4564,27.8707,0.8774
981,UAL,2019-03-31,0.0,4.8026,25.0634,0.8845
982,UAL,2018-12-31,0.0,4.6536,22.6459,0.9041
983,UAL,2018-09-30,0.0,5.1326,24.3289,0.9213
984,UAL,2018-06-30,0.0,4.7173,23.4608,0.9002
985,UAL,2018-03-31,0.0,5.125,26.0947,0.8984
986,UAL,2017-12-31,0.0,5.1985,24.6536,0.9161
987,UAL,2017-09-30,0.0,4.7339,22.5401,0.902
988,UAL,2017-06-30,0.0,5.5132,27.4312,0.9035
989,UAL,2017-03-31,0.0,5.0087,25.1581,0.8992
990,UAL,2016-12-31,0.0,5.5876,25.6794,0.9026
991,UAL,2016-09-30,0.0,6.5429,31.6465,0.8891
992,UAL,2016-06-30,0.0,16.3821,109.8606,0.9251
993,INFO,2019-05-31,0.0,2.9234,5.519,0.2787
994,INFO,2019-02-28,0.0,2.6428000000000003,4.9798,0.2653
995,INFO,2018-11-30,0.0,3.5425,6.7682,0.2619
996,INFO,2018-08-31,0.0,3.7468,7.2619,0.2572
997,INFO,2018-05-31,0.0,4.2583,7.9026,0.2656
998,INFO,2018-02-28,0.0,4.1265,7.4707,0.257
999,INFO,2017-11-30,0.0,2.9265,5.1825,0.2527
1000,INFO,2017-08-31,0.0,2.8259,4.9645,0.249
1001,INFO,2017-05-31,0.0,,,
1002,INFO,2017-02-28,0.0,1.9831,3.5226,0.3462
1003,INFO,2016-11-30,0.0,1.5139,2.6081,0.2827
1004,INFO,2016-08-31,,1.0056,1.6869999999999998,0.2121
1005,CTAS,2019-05-31,0.0,12.2958,29.1025,0.9576
1006,CTAS,2019-02-28,1.0871810000000002,11.7674,27.429,0.9425
1007,CTAS,2018-11-30,0.910924,13.1229,33.3046,0.9281
1008,CTAS,2018-08-31,0.0,11.8523,27.8967,0.9284
1009,CTAS,2018-05-31,0.0,12.2094,31.1716,0.9385
1010,CTAS,2018-02-28,0.0,13.2262,28.7507,1.1317
1011,CTAS,2017-11-30,1.27019,9.9445,23.9254,1.0727
1012,CTAS,2017-08-31,0.0,10.1614,24.2109,1.0288
1013,CTAS,2017-05-31,0.0,8.7858,22.7918,0.9729
1014,CTAS,2017-02-28,0.0,12.4053,25.1015,1.1848
1015,CTAS,2016-11-30,1.1630120000000002,12.1566,26.2354,1.1534
1016,CTAS,2016-08-31,0.0,17.6459,37.6916,1.1931
1017,FITB,2019-06-30,0.416862,1.3674,11.8744,0.0561
1018,FITB,2019-03-31,0.193394,1.4643,13.1056,0.0543
1019,FITB,2018-12-31,0.337237,1.5207000000000002,14.0975,0.0553
1020,FITB,2018-09-30,0.292978,1.5939,14.7101,0.0544
1021,FITB,2018-06-30,0.214162,2.0187,18.3299,0.0608
1022,FITB,2018-03-31,0.162242,1.8523,16.7814,0.0584
1023,FITB,2017-12-31,0.22444899999999998,1.557,14.2602,0.0543
1024,FITB,2017-09-30,0.11526800000000001,1.4576,13.0569,0.0537
1025,FITB,2017-06-30,0.30232600000000004,1.1121,9.8083,0.0481
1026,FITB,2017-03-31,0.370629,1.0926,9.6768,0.0483
1027,FITB,2016-12-31,0.288043,1.1051,10.0668,0.0486
1028,FITB,2016-09-30,0.199597,1.2812,11.6507,0.0516
1029,FITB,2016-06-30,0.327869,1.1862,10.8463,0.0504
1030,CHKP,2019-06-30,0.0,14.2684,22.0045,0.3481
1031,CHKP,2019-03-31,0.0,14.4906,22.2249,0.3446
1032,CHKP,2018-12-31,0.0,14.5478,22.2802,0.3395
1033,CHKP,2018-09-30,0.0,15.1757,22.7681,0.3501
1034,CHKP,2018-06-30,0.0,15.1091,22.7054,0.3479
1035,CHKP,2018-03-31,0.0,15.1317,22.6137,0.3507
1036,CHKP,2017-12-31,0.0,15.0352,22.6455,0.3473
1037,CHKP,2017-09-30,0.0,15.2024,22.2889,0.3552
1038,CHKP,2017-06-30,0.0,14.7555,21.6575,0.3499
1039,CHKP,2017-03-31,0.0,14.4182,20.9396,0.3454
1040,CHKP,2016-12-31,0.0,14.0918,20.6421,0.3385
1041,CHKP,2016-09-30,0.0,14.146,20.0044,0.3473
1042,CHKP,2016-06-30,0.0,14.0509,19.7964,0.3412
