,Ticker,Date,RevQoQ,EBITDAQoQ,EPSQoQ
0,AAPL,2019-06-29,0.010213000000000002,-0.052365999999999996,-0.067797
1,AAPL,2019-03-30,-0.051066,-0.116889,-0.10181799999999999
2,AAPL,2018-12-29,-0.045111,-0.0785,0.07653099999999999
3,AAPL,2018-09-29,0.196295,0.20943299999999998,0.4134620000000001
4,AAPL,2018-06-30,0.17303100000000002,0.164228,0.404762
5,AAPL,2018-03-31,0.155796,0.134153,0.30331800000000003
6,AAPL,2017-12-30,0.126891,0.101458,0.15976300000000002
7,AAPL,2017-09-30,0.12223599999999998,0.090502,0.23809499999999997
8,AAPL,2017-07-01,0.072005,0.038873000000000005,0.174825
9,AAPL,2017-04-01,0.046265,-0.0021260000000000003,0.10471199999999999
10,AAPL,2016-12-31,0.032673,-0.028719,0.024242
11,AAPL,2016-09-24,-0.09027000000000003,-0.193496,-0.147208
12,AAPL,2016-06-25,-0.146094,-0.264228,-0.23118300000000006
13,MSFT,2019-06-30,0.120725,0.186795,0.49565200000000004
14,MSFT,2019-03-31,0.139901,0.201895,0.197917
15,MSFT,2018-12-31,0.12286500000000002,0.17668299999999998,
16,MSFT,2018-09-30,0.185264,0.246059,0.352941
17,MSFT,2018-06-30,0.174966,0.326484,0.095238
18,MSFT,2018-03-31,0.155394,0.242044,0.352113
19,MSFT,2017-12-31,0.119724,0.153212,
20,MSFT,2017-09-30,0.119026,0.241941,0.164384
21,MSFT,2017-06-30,0.090781,0.268024,0.567164
22,MSFT,2017-03-31,0.07877499999999997,0.149299,0.29090900000000003
23,MSFT,2016-12-31,0.02269,0.114912,0.08
24,MSFT,2016-09-30,0.048685,0.096953,0.15872999999999998
25,MSFT,2016-06-30,0.058341,,
26,AMZN,2019-06-30,0.198881,0.38515,0.021113
27,AMZN,2019-03-31,0.169625,0.806002,1.154762
28,AMZN,2018-12-31,0.197343,0.430756,0.6051949999999999
29,AMZN,2018-09-30,0.293343,1.301933,10.150943
30,AMZN,2018-06-30,0.393387,1.027906,11.707317
31,AMZN,2018-03-31,0.429187,0.6273259999999999,1.210526
32,AMZN,2017-12-31,0.382067,0.5840609999999999,1.452229
33,AMZN,2017-09-30,0.33716500000000005,0.225649,0.0
34,AMZN,2017-06-30,0.24835500000000002,0.020977000000000003,-0.7734810000000001
35,AMZN,2017-03-31,0.226105,0.187026,0.394495
36,AMZN,2016-12-31,0.223627,0.241608,0.5242720000000001
37,AMZN,2016-09-30,0.290086,0.32618499999999995,2.1176470000000003
38,AMZN,2016-06-30,0.311365,0.622967,8.05
39,FB,2019-06-30,0.27624499999999996,-0.07177,-0.47727299999999995
40,FB,2019-03-31,0.259987,-0.23132199999999997,-0.505814
41,FB,2018-12-31,0.303885,0.102377,0.632653
42,FB,2018-09-30,0.32910500000000004,0.16844800000000001,0.09876499999999999
43,FB,2018-06-30,0.4194830000000001,0.34470700000000004,0.313433
44,FB,2018-03-31,0.489791,0.6003000000000001,0.622642
45,FB,2017-12-31,0.47258500000000003,0.5839770000000001,0.18548399999999998
46,FB,2017-09-30,0.47311400000000003,0.589806,0.7802199999999999
47,FB,2017-06-30,0.44826000000000005,0.545345,0.675
48,FB,2017-03-31,0.492382,0.5605,0.7377049999999999
49,FB,2016-12-31,0.5081319999999999,0.6693520000000001,1.254545
50,FB,2016-09-30,0.557654,0.906427,1.84375
51,FB,2016-06-30,0.5922810000000001,0.9162819999999999,2.076923
52,INTC,2019-06-29,-0.026943,-0.023935,-0.12963
53,INTC,2019-03-30,-0.000311,0.027002999999999996,-0.073684
54,INTC,2018-12-29,0.09406,0.150759,
55,INTC,2018-09-29,0.186637,0.336528,0.458333
56,INTC,2018-06-30,0.148953,0.26843900000000004,0.8
57,INTC,2018-03-31,0.08583400000000001,0.195052,0.507937
58,INTC,2017-12-30,0.041468,0.17332699999999998,
59,INTC,2017-09-30,0.023514,0.12676099999999998,0.352113
60,INTC,2017-07-01,0.090889,0.8021639999999999,1.142857
61,INTC,2017-04-01,0.07984199999999997,0.21710700000000002,0.465116
62,INTC,2016-12-31,0.097895,0.001707,-0.025974
63,INTC,2016-10-01,0.090771,-0.011907,0.092308
64,INTC,2016-07-02,0.025616000000000003,-0.364065,-0.508772
65,CSCO,2019-07-27,0.045469,0.07560800000000001,-0.35802500000000004
66,CSCO,2019-04-27,0.039718,0.08004299999999999,0.25
67,CSCO,2019-01-26,0.047026000000000005,0.021828999999999998,
68,CSCO,2018-10-27,0.077126,0.28536999999999996,0.625
69,CSCO,2018-07-28,0.058601,-0.27406,0.653061
70,CSCO,2018-04-28,0.043802,-0.008313000000000001,0.12
71,CSCO,2018-01-27,0.026511,0.051424,
72,CSCO,2017-10-28,-0.017487,-0.044304,0.043477999999999996
73,CSCO,2017-07-29,-0.039959,-0.02439,-0.125
74,CSCO,2017-04-29,-0.005,0.057872000000000014,0.06383
75,CSCO,2017-01-28,-0.029094,-0.0923,-0.24193499999999998
76,CSCO,2016-10-29,-0.026021,-0.030675,-0.041667
77,CSCO,2016-10-28,,,
78,CSCO,2016-07-30,-0.015962,0.547389,0.21739099999999997
79,CMCSA,2019-06-30,0.23570300000000002,0.167914,-0.014286000000000002
80,CMCSA,2019-03-31,0.17849199999999998,0.211485,0.164179
81,CMCSA,2018-12-31,0.261427,0.144405,-0.826498
82,CMCSA,2018-09-30,0.049998000000000015,0.033416,0.125
83,CMCSA,2018-06-30,0.021094,0.07660800000000001,0.320755
84,CMCSA,2018-03-31,0.10705799999999999,0.033381,0.24074099999999998
85,CMCSA,2017-12-31,0.049941000000000006,-0.0032540000000000004,5.673684
86,CMCSA,2017-09-30,-0.011164,0.007023000000000001,0.204301
87,CMCSA,2017-06-30,0.104676,0.09605,0.261905
88,CMCSA,2017-03-31,0.095636,0.100989,0.227273
89,CMCSA,2016-12-31,0.09249199999999999,0.077806,0.202532
90,CMCSA,2016-09-30,0.141947,0.105272,0.148148
91,CMCSA,2016-06-30,0.028064,0.030163,-0.011765
92,PEP,2019-06-15,0.022312000000000002,-0.058023000000000005,0.13281300000000001
93,PEP,2019-03-23,0.025633,0.169779,0.07446799999999999
94,PEP,2018-12-29,-0.000102,-0.042279000000000004,
95,PEP,2018-09-08,0.015086,-0.024878,0.18
96,PEP,2018-06-16,0.024188,0.037144,-0.129252
97,PEP,2018-03-24,0.042575999999999996,-0.044398,0.021738999999999998
98,PEP,2017-12-30,0.0005639999999999999,0.056383,
99,PEP,2017-09-09,0.01329,0.032172000000000006,0.086957
100,PEP,2017-06-17,0.020461,-0.01531,0.057553999999999994
101,PEP,2017-03-25,0.015765,0.147619,0.4375
102,PEP,2016-12-31,0.05004,0.048141,-0.167429
103,PEP,2016-09-03,-0.018615,0.706801,2.833333
104,PEP,2016-06-11,-0.03316,0.013797,0.037313
105,NFLX,2019-06-30,0.259989,0.5186569999999999,-0.295455
106,NFLX,2019-03-31,0.22160700000000003,0.128917,0.179104
107,NFLX,2018-12-31,0.27424,-0.096037,-0.27907
108,NFLX,2018-09-30,0.339887,1.202308,2.066667
109,NFLX,2018-06-30,0.402736,2.2929459999999997,4.866667
110,NFLX,2018-03-31,0.40362800000000004,0.7118909999999999,0.634146
111,NFLX,2017-12-31,0.326216,0.572515,1.6875
112,NFLX,2017-09-30,0.303325,0.8918440000000001,1.5
113,NFLX,2017-06-30,0.323133,0.7320270000000001,0.5
114,NFLX,2017-03-31,0.34677800000000003,3.233257,5.8333330000000005
115,NFLX,2016-12-31,0.358798,1.2302799999999998,0.6
116,NFLX,2016-09-30,0.317446,0.342944,0.714286
117,NFLX,2016-06-30,0.279997,-0.06542,0.666667
118,ADBE,2019-05-31,0.25003600000000004,0.155274,-0.037037
119,ADBE,2019-03-01,0.25108800000000003,0.07760399999999999,0.169492
120,ADBE,2018-11-30,0.228262,-0.151815,0.362745
121,ADBE,2018-08-31,0.24442399999999997,0.019051,0.6
122,ADBE,2018-06-01,0.23878400000000002,0.16251100000000002,0.776316
123,ADBE,2018-03-02,0.23625700000000002,0.417322,0.45679
124,ADBE,2017-12-01,0.24755700000000003,0.7600910000000001,0.259259
125,ADBE,2017-09-01,0.25759299999999996,0.743589,0.574074
126,ADBE,2017-06-02,0.267018,0.5547610000000001,0.55102
127,ADBE,2017-03-03,0.215646,0.4135410000000001,0.5882350000000001
128,ADBE,2016-12-02,0.23118,0.470675,0.8
129,ADBE,2016-09-02,0.202172,0.359056,0.5428569999999999
130,ADBE,2016-06-03,0.203545,0.533558,0.633333
131,PYPL,2019-06-30,0.116152,0.280585,0.590909
132,PYPL,2019-03-31,0.120217,0.08484,0.325581
133,PYPL,2018-12-31,0.12873900000000002,-0.23271,-0.038462
134,PYPL,2018-09-30,0.137079,0.098865,0.15625
135,PYPL,2018-06-30,0.229911,0.191759,0.294118
136,PYPL,2018-03-31,0.238655,0.17101,0.34375
137,PYPL,2017-12-31,0.255954,0.64869,0.625
138,PYPL,2017-09-30,0.214473,0.15759800000000002,0.185185
139,PYPL,2017-06-30,0.183396,0.153565,0.259259
140,PYPL,2017-03-31,0.169418,0.056799,0.06666699999999999
141,PYPL,2016-12-31,0.166275,0.128696,0.06666699999999999
142,PYPL,2016-09-30,0.181134,0.10352,0.08
143,PYPL,2016-06-30,0.153679,-0.001825,0.08
144,AVGO,2019-05-05,0.100319,0.116397,-0.802036
145,AVGO,2019-02-03,0.086728,-0.053126,-0.921208
146,AVGO,2018-11-04,0.123865,0.327254,1.100775
147,AVGO,2018-08-05,0.134439,0.23937600000000003,1.3361340000000002
148,AVGO,2018-05-06,0.196659,0.29874,7.036364
149,AVGO,2018-02-04,0.287026,0.312963,23.967213
150,AVGO,2017-10-29,0.17118,0.8260870000000001,
151,AVGO,2017-07-30,0.176951,1.34131,
152,AVGO,2017-04-30,0.183282,41.74359000000001,
153,AVGO,2017-01-29,1.337098,1.2531290000000002,-0.551471
154,AVGO,2016-10-30,1.247826,0.414921,
155,AVGO,2016-07-31,1.185591,0.43063100000000004,
156,AMGN,2019-06-30,-0.031028,-0.028649,0.025713999999999997
157,AMGN,2019-03-31,0.0005400000000000001,-0.05943100000000001,-0.021407
158,AMGN,2018-12-31,0.073768,0.066073,
159,AMGN,2018-09-30,0.022692,-0.027213,0.035970999999999996
160,AMGN,2018-06-30,0.042857000000000006,0.031094999999999998,0.194539
161,AMGN,2018-03-31,0.016471,0.026324,0.16370099999999999
162,AMGN,2017-12-31,-0.027326000000000003,-0.11498,
163,AMGN,2017-09-30,-0.0065390000000000005,-0.041914,0.02963
164,AMGN,2017-06-30,0.021449,0.108201,0.176707
165,AMGN,2017-03-31,-0.011399,0.06568600000000001,0.115079
166,AMGN,2016-12-31,0.07749299999999999,0.182136,0.09205
167,AMGN,2016-09-30,0.015377000000000002,0.0587,0.097561
168,AMGN,2016-06-30,0.05921799999999999,0.118304,0.142202
169,NVDA,2019-07-28,-0.174191,-0.431743,-0.497238
170,NVDA,2019-04-28,-0.307764,-0.647929,-0.6829270000000001
171,NVDA,2019-01-27,-0.24252800000000002,-0.6699200000000001,-0.494565
172,NVDA,2018-10-28,0.20675300000000002,0.192797,0.453237
173,NVDA,2018-07-29,0.400448,0.6499320000000001,0.8469389999999999
174,NVDA,2018-04-29,0.6556529999999999,1.249584,1.383721
175,NVDA,2018-01-28,0.339623,0.44487200000000005,0.559322
176,NVDA,2017-10-29,0.315369,0.37409000000000003,0.376238
177,NVDA,2017-07-30,0.561625,1.024725,1.0
178,NVDA,2017-04-30,0.484291,1.072414,1.205128
179,NVDA,2017-01-29,0.5510349999999999,1.61745,2.105263
180,NVDA,2016-10-30,0.535632,1.34471,1.244444
181,NVDA,2016-07-31,0.238508,1.912,8.8
182,COST,2019-05-12,0.073514,0.045911,0.204678
183,COST,2019-02-17,0.072769,0.14338199999999998,0.2625
184,COST,2018-11-25,0.102487,-0.004666,0.19863
185,COST,2018-09-02,0.049905,-0.007403,0.13333299999999998
186,COST,2018-05-13,0.12131,0.08229800000000001,0.075472
187,COST,2018-02-18,0.108479,0.17647100000000004,0.367521
188,COST,2017-11-26,0.13203299999999998,0.12216400000000001,0.17741900000000002
189,COST,2017-09-03,0.157002,0.182614,0.179775
190,COST,2017-05-07,0.078113,0.120975,0.282258
191,COST,2017-02-12,0.05665600000000001,0.013146000000000001,-0.056451999999999995
192,COST,2016-11-20,0.032292,0.104046,0.127273
193,COST,2016-08-28,0.021856999999999998,0.061048000000000005,0.017143000000000002
194,TXN,2019-06-30,-0.086881,-0.080206,-0.034964999999999996
195,TXN,2019-03-31,-0.051465,-0.068655,-0.065217
196,TXN,2018-12-31,-0.0088,-0.012311,2.7352939999999997
197,TXN,2018-09-30,0.035227999999999995,0.08296100000000001,0.24806199999999998
198,TXN,2018-06-30,0.087734,0.140762,0.36190500000000003
199,TXN,2018-03-31,0.113757,0.19905499999999998,0.393939
200,TXN,2017-12-31,0.098418,0.14624800000000002,-0.666667
201,TXN,2017-09-30,0.12,0.223708,0.29
202,TXN,2017-06-30,0.128323,0.241806,0.296296
203,TXN,2017-03-31,0.130984,0.201946,0.414286
204,TXN,2016-12-31,0.07055499999999999,0.11119,0.275
205,TXN,2016-09-30,0.071741,0.135266,0.298701
206,TXN,2016-06-30,0.012686,0.055341999999999995,0.227273
207,SNY,2019-06-30,0.058837,-0.825566,
208,SNY,2019-03-31,0.072237,0.185051,0.116875
209,SNY,2018-12-31,0.038414,-0.8122839999999999,
210,SNY,2018-09-30,0.037037,0.348963,0.5378149999999999
211,SNY,2018-06-30,-0.051448,-0.194638,-0.26122399999999996
212,SNY,2018-03-31,-0.087171,-0.247619,-0.18946400000000002
213,SNY,2017-12-31,-0.021358,0.17659000000000002,
214,SNY,2017-09-30,0.010865999999999999,-0.13743699999999998,-0.077519
215,SNY,2017-06-30,0.076192,-0.00214,0.09322799999999999
216,SNY,2017-03-31,0.12285599999999999,0.37985,0.305491
217,SNY,2016-12-31,0.040712,0.737401,0.40472199999999997
218,SNY,2016-09-30,0.025825,0.16223,0.040323000000000005
219,SNY,2016-06-30,-0.051815,-0.229913,-0.215876
220,SBUX,2019-06-30,0.081248,-0.259189,0.8225809999999999
221,SBUX,2019-03-31,0.045442,0.100832,0.148936
222,SBUX,2018-12-30,0.092036,-0.015844,-0.613924
223,SBUX,2018-09-30,0.106225,0.006031999999999999,0.037037
224,SBUX,2018-07-01,0.114599,0.5255569999999999,0.291667
225,SBUX,2018-04-01,0.13936500000000002,-0.070133,0.044444
226,SBUX,2017-12-31,0.05944600000000001,-0.005229999999999999,2.038462
227,SBUX,2017-10-01,-0.002259,-0.131731,0.0
228,SBUX,2017-07-02,0.08085099999999999,0.023103,-0.058824
229,SBUX,2017-04-02,0.060242,0.06730599999999999,0.153846
230,SBUX,2017-01-01,0.066884,0.069333,0.130435
231,SBUX,2016-10-02,0.16204100000000002,0.23101100000000002,0.255814
232,SBUX,2016-06-26,0.07309700000000001,0.13642,0.214286
233,ASML,2019-06-30,-0.062947,-0.23621799999999998,-0.175182
234,ASML,2019-03-31,-0.024464,-0.410446,-0.333333
235,ASML,2018-12-31,0.227347,0.086824,0.243781
236,ASML,2018-09-30,0.13430599999999998,0.225951,0.230769
237,ASML,2018-07-01,0.304083,0.19615,0.268519
238,ASML,2018-04-01,0.175653,0.154908,0.2
239,ASML,2017-12-31,0.288122,0.16148800000000002,0.050319
240,ASML,2017-10-01,0.348727,0.297446,0.39784899999999995
241,ASML,2017-07-02,0.207979,0.351014,0.301205
242,ASML,2017-04-02,0.45784600000000003,1.080323,1.2643950000000002
243,ASML,2016-12-31,0.385929,0.840943,1.100201
244,ASML,2016-10-02,0.17131400000000002,0.29651,0.24
245,ASML,2016-07-03,0.051689999999999986,-0.006915,-0.034884
246,GILD,2019-06-30,0.006551,0.068285,0.05714299999999999
247,GILD,2019-03-31,0.037932,0.048606,0.31355900000000003
248,GILD,2018-12-31,-0.025887,-0.44122,
249,GILD,2018-09-30,-0.140663,-0.274519,-0.221154
250,GILD,2018-06-30,-0.209074,-0.420914,-0.40425500000000003
251,GILD,2018-03-31,-0.21783200000000003,-0.38192600000000004,-0.429952
252,GILD,2017-12-31,-0.187295,-0.380217,
253,GILD,2017-09-30,-0.131733,-0.125372,-0.174603
254,GILD,2017-06-30,-0.081662,-0.055992999999999994,-0.10305299999999999
255,GILD,2017-03-31,-0.165384,-0.17693599999999998,-0.197674
256,GILD,2016-12-31,-0.139431,-0.264791,-0.276074
257,GILD,2016-09-30,-0.095841,-0.198704,-0.197452
258,GILD,2016-06-30,-0.05676900000000001,-0.18118499999999998,-0.140984
259,BKNG,2019-06-30,0.08849299999999999,0.06332499999999999,0.112094
260,BKNG,2019-03-31,-0.031146,-0.140791,0.35429900000000003
261,BKNG,2018-12-31,0.146272,0.154841,
262,BKNG,2018-09-30,0.09360800000000001,0.071199,0.064636
263,BKNG,2018-06-30,0.169428,0.356213,0.387449
264,BKNG,2018-03-31,0.210298,0.30229,0.356371
265,BKNG,2017-12-31,0.19356199999999998,0.245493,
266,BKNG,2017-09-30,0.201454,1.409845,2.429687
267,BKNG,2017-06-30,0.183361,0.20862600000000003,0.251921
268,BKNG,2017-03-31,0.12629,0.026802000000000003,0.22811700000000001
269,BKNG,2016-12-31,0.174219,0.194197,0.34714
270,BKNG,2016-09-30,0.189388,-0.414562,-0.567385
271,BKNG,2016-06-30,0.120814,0.08594299999999999,0.16866299999999998
272,CHTR,2019-06-30,0.045421,0.048330000000000005,0.205128
273,CHTR,2019-03-31,0.051515000000000005,0.059435,0.614286
274,CHTR,2018-12-31,0.05932800000000001,0.006842,-0.966975
275,CHTR,2018-09-30,0.041499,0.06980599999999999,10.263158
276,CHTR,2018-06-30,0.047987,0.08363,1.207547
277,CHTR,2018-03-31,0.048505,0.074764,0.20689699999999997
278,CHTR,2017-12-31,0.031825,0.105942,22.471234
279,CHTR,2017-09-30,0.041945,0.07825599999999999,-0.7285710000000001
280,CHTR,2017-06-30,0.6810579999999999,1.270859,-0.96832
281,CHTR,2017-03-31,3.017391,3.151011,
282,CHTR,2016-12-31,3.0903660000000004,3.110599,
283,CHTR,2016-09-30,3.096735,3.128237,0.172111
284,CHTR,2016-06-30,1.535391,1.015056,
285,MDLZ,2019-06-30,-0.008181,0.9676950000000001,1.545455
286,MDLZ,2019-03-31,-0.033555,-0.05450700000000001,-0.1
287,MDLZ,2018-12-31,-0.027706,0.024952,0.21739099999999997
288,MDLZ,2018-09-30,-0.03706,-0.31666700000000003,0.24615399999999998
289,MDLZ,2018-06-30,0.021049,-0.180505,-0.333333
290,MDLZ,2018-03-31,0.054724,0.396098,0.7073170000000001
291,MDLZ,2017-12-31,0.028951,0.45734300000000006,6.6666669999999995
292,MDLZ,2017-09-30,0.020950999999999997,0.5181520000000001,0.857143
293,MDLZ,2017-06-30,-0.050143000000000014,-0.009535,0.1
294,MDLZ,2017-03-31,-0.006352,0.10333699999999998,0.171429
295,MDLZ,2016-12-31,-0.080663,,
296,MDLZ,2016-09-30,-0.06614099999999999,-0.886489,-0.922566
297,MDLZ,2016-06-30,-0.177392,-0.212946,0.2
298,ADP,2019-06-30,0.055033000000000006,0.105779,2.4375
299,ADP,2019-03-31,0.040963,0.130232,0.16
300,ADP,2018-12-31,0.082636,0.257445,-0.157895
301,ADP,2018-09-30,0.079943,0.20439200000000002,0.24731199999999998
302,ADP,2018-06-30,0.082028,0.408502,-0.466667
303,ADP,2018-03-31,0.08361700000000001,0.055349,0.136364
304,ADP,2017-12-31,0.084022,0.022067,0.333333
305,ADP,2017-09-30,0.054956,0.056863,0.13414600000000002
306,ADP,2017-06-30,0.057484,-0.06517,-0.032257999999999995
307,ADP,2017-03-31,0.049929,0.042981,0.128205
308,ADP,2016-12-31,0.06423200000000001,0.15300899999999998,0.52
309,ADP,2016-09-30,0.07476100000000001,0.13597,0.12328800000000001
310,ADP,2016-06-30,0.075598,0.1483,0.127273
311,QCOM,2019-06-30,0.7276309999999999,3.3052390000000003,1.185185
312,QCOM,2019-03-31,-0.045594,0.630711,1.5
313,QCOM,2018-12-30,-0.19768,1.9610029999999998,
314,QCOM,2018-09-30,-0.017273,,
315,QCOM,2018-06-24,0.038354,0.129503,0.372881
316,QCOM,2018-03-25,0.040670000000000005,-0.264239,-0.568627
317,QCOM,2017-12-24,0.006000999999999999,-0.6757,
318,QCOM,2017-09-24,-0.045116,-0.658879,-0.8981480000000001
319,QCOM,2017-06-25,-0.11135,-0.401437,-0.397959
320,QCOM,2017-03-26,-0.09637899999999999,-0.400672,-0.346154
321,QCOM,2016-12-25,0.038787999999999996,-0.459736,-0.54
322,QCOM,2016-09-25,0.133431,0.459754,0.5882350000000001
323,QCOM,2016-06-26,0.036351,0.27154,0.324324
324,INTU,2019-04-30,0.123626,0.103904,0.14718599999999998
325,INTU,2019-01-31,0.121733,0.125,0.013888999999999999
326,INTU,2018-10-31,0.11648399999999999,0.566667,
327,INTU,2018-07-31,0.173397,,1.111111
328,INTU,2018-04-30,0.146006,0.10557799999999999,0.228723
329,INTU,2018-01-31,0.317913,2.2405060000000003,13.4
330,INTU,2017-10-31,0.16966599999999998,,0.916667
331,INTU,2017-07-31,0.116711,6.428571,
332,INTU,2017-04-30,0.10286500000000001,0.11804,0.13939400000000002
333,INTU,2017-01-31,0.100758,-0.21,-0.545455
334,INTU,2016-10-31,0.091164,,-0.090909
335,INTU,2016-07-31,0.08333299999999999,-0.930693,0.5675680000000001
336,CELG,2019-06-30,0.153644,0.39009699999999997,0.520548
337,CELG,2019-03-31,0.137648,4.517442,0.946903
338,CELG,2018-12-31,0.159058,0.5045660000000001,
339,CELG,2018-09-30,0.184058,0.540833,0.22222199999999998
340,CELG,2018-06-30,0.16600399999999998,0.154007,0.035461
341,CELG,2018-03-31,0.19446300000000002,-0.7200979999999999,-0.058333
342,CELG,2017-12-31,0.168792,0.251071,
343,CELG,2017-09-30,0.101985,1.273158,4.727273
344,CELG,2017-06-30,0.18759800000000001,0.5121180000000001,0.831169
345,CELG,2017-03-31,0.17914000000000002,0.074301,0.165049
346,CELG,2016-12-31,0.16256400000000001,0.032642000000000004,-0.225352
347,CELG,2016-09-30,0.27792300000000003,2.006264,
348,CELG,2016-06-30,0.209193,0.8600549999999999,0.7111109999999999
349,ISRG,2019-06-30,0.208512,0.32322199999999995,0.226667
350,ISRG,2019-03-31,0.14890899999999999,-0.030363,0.047059
351,ISRG,2018-12-31,0.173206,0.03281,
352,ISRG,2018-09-30,0.14001,0.127005,-0.037453
353,ISRG,2018-06-30,0.19833900000000002,0.08033799999999999,2.358209
354,ISRG,2018-03-31,0.24705700000000003,0.402129,0.574074
355,ISRG,2017-12-31,0.178491,0.23604899999999998,
356,ISRG,2017-09-30,0.182896,0.096161,0.469725
357,ISRG,2017-06-30,0.132368,0.060141999999999994,-0.5829880000000001
358,ISRG,2017-03-31,0.143146,0.067688,0.342541
359,ISRG,2016-12-31,0.118847,0.06654299999999999,0.033399
360,ISRG,2016-09-30,0.15804600000000002,0.305386,0.213808
361,ISRG,2016-06-30,0.14332,0.373525,0.324176
362,TMUS,2019-06-30,0.038596,0.219196,0.195652
363,TMUS,2019-03-31,0.05977999999999999,0.287364,0.371795
364,TMUS,2018-12-31,0.063761,0.069311,-0.767081
365,TMUS,2018-09-30,0.081844,0.12340299999999997,0.446154
366,TMUS,2018-06-30,0.035052999999999994,0.050767,0.352941
367,TMUS,2018-03-31,0.08759,0.098424,-0.060241
368,TMUS,2017-12-31,0.0513,0.018831,6.0
369,TMUS,2017-09-30,0.07673300000000001,0.047018,0.511628
370,TMUS,2017-06-30,0.099709,0.218854,1.615385
371,TMUS,2017-03-31,0.10953399999999999,-0.04375,0.45614
372,TMUS,2016-12-31,0.240936,0.15496100000000002,0.314286
373,TMUS,2016-09-30,0.185501,0.566467,1.866667
374,TMUS,2016-06-30,0.135469,0.440191,-0.39534899999999995
375,CME,2019-06-30,0.20111400000000001,0.16977699999999998,-0.137725
376,CME,2019-03-31,0.06366100000000001,-0.037467,-0.210227
377,CME,2018-12-31,0.374,0.260493,-0.8731260000000001
378,CME,2018-09-30,0.015043,-0.023451,0.32967
379,CME,2018-06-30,0.146009,0.091185,0.357724
380,CME,2018-03-31,0.19337100000000002,0.211524,0.4915250000000001
381,CME,2017-12-31,-0.014131,-0.015886,6.881817999999999
382,CME,2017-09-30,0.058334,0.065116,-0.35
383,CME,2017-06-30,0.020079,0.06524200000000001,0.29473699999999997
384,CME,2017-03-31,-0.0052450000000000005,0.035613,0.082569
385,CME,2016-12-31,0.121774,0.13645,0.264368
386,CME,2016-09-30,-0.010114,0.011853,0.308411
387,CME,2016-06-30,0.105366,0.116191,0.202532
388,CSX,2019-06-30,-0.013217,0.020471,0.058824
389,CSX,2019-03-31,0.047636000000000005,0.146306,0.307692
390,CSX,2018-12-31,0.0978,0.089542,-0.7813849999999999
391,CSX,2018-09-30,0.140722,0.35696399999999995,1.058824
392,CSX,2018-06-30,0.05762000000000001,0.255452,0.8545450000000001
393,CSX,2018-03-31,0.00244,0.25528,1.0
394,CSX,2017-12-31,-0.057293,0.08210100000000001,8.428571
395,CSX,2017-09-30,0.012177,0.031842,0.0625
396,CSX,2017-06-30,0.084689,0.107852,0.170213
397,CSX,2017-03-31,0.095875,0.070796,0.054054000000000005
398,CSX,2016-12-30,0.092053,0.225748,0.020833
399,CSX,2016-09-23,-0.077918,-0.059109,-0.076923
400,CSX,2016-06-24,-0.117493,-0.119301,-0.16071400000000002
401,BIDU,2019-03-31,0.15382400000000002,-0.8951690000000001,
402,BIDU,2018-12-31,0.15448299999999998,-0.5868639999999999,-0.5019509999999999
403,BIDU,2018-09-30,0.20069000000000006,-0.107262,0.551048
404,BIDU,2018-06-30,0.244227,0.192441,0.438636
405,BIDU,2018-03-31,0.23777600000000002,0.789662,2.7564330000000004
406,BIDU,2017-12-31,0.293406,0.823459,0.005123
407,BIDU,2017-09-30,0.28687399999999996,0.5752079999999999,1.5604079999999998
408,BIDU,2017-06-30,0.142926,0.35401400000000005,0.8276700000000001
409,BIDU,2017-03-31,0.067647,-0.048492,-0.10924500000000001
410,BIDU,2016-12-31,-0.026012999999999998,-0.237508,-0.8334980000000001
411,BIDU,2016-09-30,-0.007089,0.202765,0.097364
412,BIDU,2016-06-30,0.101863,-0.057877,5.815921
413,AMOV,2019-06-30,-0.027173000000000003,0.06091799999999999,20.0
414,AMOV,2019-03-31,-0.031113,0.04222,0.035713999999999996
415,AMOV,2018-12-31,0.059835,0.106522,
416,AMOV,2018-09-30,0.015899,0.511612,
417,AMOV,2018-06-30,0.030626999999999998,0.062039,-0.9545450000000001
418,AMOV,2018-03-31,-0.040188999999999996,0.007053,-0.49090900000000004
419,AMOV,2017-12-31,-0.020332,0.036376,-0.8888889999999999
420,AMOV,2017-09-30,-0.022111,-0.295189,
421,AMOV,2017-06-30,0.068756,0.137419,0.873217
422,AMOV,2017-03-31,0.18464000000000005,0.158242,6.544789
423,AMOV,2016-12-31,0.168825,0.06080599999999999,
424,AMOV,2016-09-30,0.117597,0.014412,
425,AMOV,2016-06-30,0.060834000000000006,-0.107572,-0.447923
426,VOD,2019-06-30,-0.023556,0.0,0.0
427,VOD,2019-03-31,-0.075049,0.0,0.0
428,VOD,2018-12-31,-0.067899,0.0,0.0
429,VOD,2018-09-30,-0.057064,0.0,0.0
430,VOD,2018-06-30,-0.020998000000000003,0.0,0.0
431,VOD,2018-03-31,0.031567000000000005,0.0,0.0
432,VOD,2017-12-31,-0.036114,0.0,0.0
433,VOD,2017-09-30,-0.048006,0.0,0.0
434,VOD,2017-06-30,-0.060767,0.0,0.0
435,VOD,2017-03-31,-0.055389,0.0,0.0
436,VOD,2016-12-31,-0.037966,0.0,0.0
437,VOD,2016-09-30,-0.035994,0.0,0.0
438,VOD,2016-06-30,-0.046299,0.0,0.0
439,WBA,2019-05-31,0.0074849999999999995,-0.123805,-0.16296300000000002
440,WBA,2019-02-28,0.045638,-0.090212,-0.08088200000000001
441,WBA,2018-11-30,0.099317,0.002166,0.43902399999999997
442,WBA,2018-08-31,0.109224,0.26109699999999997,1.039474
443,WBA,2018-05-31,0.139983,0.07638099999999999,0.25
444,WBA,2018-02-28,0.12140899999999999,0.199027,0.387755
445,WBA,2017-11-30,0.078559,-0.001082,-0.154639
446,WBA,2017-08-31,0.052836,-0.013522,-0.2
447,WBA,2017-05-31,0.021018000000000002,-0.066262,0.058824
448,WBA,2017-02-28,-0.02445,-0.196785,0.139535
449,WBA,2016-11-30,-0.018324,-0.000541,-0.04902
450,WBA,2016-08-31,0.003997,0.181887,46.5
451,ILMN,2019-06-30,0.009639,0.0,0.41549300000000006
452,ILMN,2019-03-31,0.08184100000000001,0.050584,0.112676
453,ILMN,2018-12-30,0.114396,-0.08178400000000001,2.042553
454,ILMN,2018-09-30,0.194678,0.288288,0.205357
455,ILMN,2018-07-01,0.253776,0.502762,0.6321840000000001
456,ILMN,2018-04-01,0.307692,1.8555560000000002,-0.4320000000000001
457,ILMN,2017-12-31,0.256162,0.486056,-0.440476
458,ILMN,2017-10-01,0.17627700000000002,0.12690400000000002,0.272727
459,ILMN,2017-07-02,0.103333,-0.07653099999999999,0.048193
460,ILMN,2017-04-02,0.045455,-0.415584,3.098361
461,ILMN,2017-01-01,0.046994,0.024072,0.16666699999999998
462,ILMN,2016-10-02,0.103093,0.134544,0.08642000000000001
463,ILMN,2016-07-03,0.112392,0.07318999999999999,0.169014
464,VRTX,2019-06-30,0.251458,0.563867,0.268293
465,VRTX,2019-03-31,0.339632,1.100624,0.26506
466,VRTX,2018-12-31,0.335268,0.030801,14.2
467,VRTX,2018-09-30,0.35694000000000004,,
468,VRTX,2018-06-30,0.382299,1.824637,10.714286
469,VRTX,2018-03-31,-0.103424,-0.491606,-0.17821800000000002
470,VRTX,2017-12-31,0.420592,1.5806209999999998,2.076923
471,VRTX,2017-09-30,0.397266,-73.751804,-1.5625
472,VRTX,2017-06-30,0.260716,2.690598,
473,VRTX,2017-03-31,0.795413,136.022542,
474,VRTX,2016-12-31,0.097553,,
475,VRTX,2016-09-30,0.335577,0.922797,0.5897439999999999
476,VRTX,2016-06-30,1.598858,,0.666667
477,MU,2019-05-30,-0.385918,-0.5429999999999999,-0.7696970000000001
478,MU,2019-02-28,-0.20623,-0.30691,-0.493007
479,MU,2018-11-29,0.16316299999999995,0.216623,0.233051
480,MU,2018-08-30,0.37504099999999996,0.5868829999999999,0.751174
481,MU,2018-05-31,0.400826,0.7379359999999999,1.2147649999999999
482,MU,2018-03-01,0.58154,1.304836,2.530864
483,MU,2017-11-30,0.7136020000000001,2.70531,12.882353
484,MU,2017-08-31,0.9079889999999999,4.2316720000000005,
485,MU,2017-06-01,0.920635,3.0989009999999997,
486,MU,2017-03-02,0.5841850000000001,1.6618990000000002,
487,MU,2016-12-01,0.185075,0.166151,-0.15
488,MU,2016-09-01,-0.10638900000000001,-0.400176,
489,MU,2016-06-02,-0.247859,-0.44171800000000006,
490,TSLA,2019-06-30,0.586534,,0.452607
491,TSLA,2019-03-31,0.332296,,0.031303
492,TSLA,2018-12-31,1.197484,,
493,TSLA,2018-09-30,1.2864840000000002,,
494,TSLA,2018-06-30,0.434719,,-1.068627
495,TSLA,2018-03-31,0.26424699999999995,,-1.053922
496,TSLA,2017-12-31,0.439291,,-4.141026
497,TSLA,2017-09-30,0.298568,,
498,TSLA,2017-06-30,1.196472,,0.023923
499,TSLA,2017-03-31,1.350617,,0.042253999999999986
500,TSLA,2016-12-31,0.8813160000000001,,0.6803279999999999
501,TSLA,2016-09-30,1.453526,,
502,TSLA,2016-06-30,0.329894,0.304458,-0.441379
503,BIIB,2019-06-30,0.077521,0.507402,0.8779899999999999
504,BIIB,2019-03-31,0.11456,-0.046842,0.291892
505,BIIB,2018-12-31,0.066314,0.058262,
506,BIIB,2018-09-30,0.117357,0.186774,0.23620700000000003
507,BIIB,2018-06-30,0.090339,0.000795,0.027027
508,BIIB,2018-03-31,0.11399300000000001,0.108609,0.599424
509,BIIB,2017-12-31,0.15146199999999999,0.575028,
510,BIIB,2017-09-30,0.041275000000000006,0.072812,0.228814
511,BIIB,2017-06-30,0.06364500000000001,-0.154227,-0.150313
512,BIIB,2017-03-31,0.030769,0.005627999999999999,-0.218468
513,BIIB,2016-12-31,0.011517,-0.19698,-0.204244
514,BIIB,2016-09-30,0.064041,0.053909000000000006,0.13461499999999998
515,BIIB,2016-06-30,0.116762,0.187426,0.215736
516,MAR,2019-06-30,-0.019227,-0.42455,-0.62963
517,MAR,2019-03-31,0.000599,0.07794399999999999,-0.05982899999999999
518,MAR,2018-12-31,0.007237,0.010142,2.0
519,MAR,2018-09-30,-0.005711000000000001,-0.25731,0.069231
520,MAR,2018-06-30,0.037997,0.07376100000000001,0.465116
521,MAR,2018-03-31,0.019747999999999998,-0.008223999999999999,0.21875
522,MAR,2017-12-31,-0.037573,-0.037108999999999996,-0.507937
523,MAR,2017-09-30,0.288179,3.130435,4.0
524,MAR,2017-06-30,0.335469,0.9737469999999999,0.329897
525,MAR,2017-03-31,0.302227,0.527638,0.116279
526,MAR,2016-12-31,0.472207,0.497076,-0.202532
527,MAR,2016-09-30,0.101733,-0.440541,-0.675
528,MAR,2016-06-30,0.05773900000000001,0.044888,0.102273
529,JD,2019-06-30,0.228877,15.095112,
530,JD,2019-03-31,0.20926399999999998,1.417598,3.773585
531,JD,2018-12-31,0.22391100000000005,,-4.1875
532,JD,2018-09-30,0.25102,-0.47117299999999995,1.888889
533,JD,2018-06-30,0.312108,-0.602754,-4.156417
534,JD,2018-03-31,0.331166,-0.256915,14.29427
535,JD,2017-12-31,0.387278,,0.353209
536,JD,2017-09-30,0.379089,44.669587,
537,JD,2017-06-30,0.42867299999999997,3.274889,0.170397
538,JD,2017-03-31,0.393712,,
539,JD,2016-12-31,0.45452200000000004,,0.81596
540,JD,2016-09-30,0.376685,,-0.6842109999999999
541,JD,2016-06-30,0.420392,,0.052632000000000005
542,WDAY,2019-04-30,0.33365300000000003,-0.40560300000000005,-0.48571400000000003
543,WDAY,2019-01-31,0.35391399999999995,-0.308448,-0.119048
544,WDAY,2018-10-31,0.33814099999999997,-2.501145,-0.7073170000000001
545,WDAY,2018-07-31,0.27868699999999996,0.116194,0.0
546,WDAY,2018-04-30,0.289213,-0.231609,-0.12903199999999998
547,WDAY,2018-01-31,0.325071,0.28544400000000003,0.045455
548,WDAY,2017-10-31,0.34306999999999993,0.5219189999999999,0.25454499999999997
549,WDAY,2017-07-31,0.405888,0.315786,0.272727
550,WDAY,2017-04-30,0.38019200000000003,0.6229020000000001,0.225
551,WDAY,2017-01-31,0.359144,-0.032336000000000004,-0.047619
552,WDAY,2016-10-31,0.354628,-0.503069,-0.341463
553,WDAY,2016-07-31,0.321763,-0.227128,-0.486486
554,CTSH,2019-06-30,0.033699,0.029004000000000002,0.153846
555,CTSH,2019-03-31,0.050613,-0.092593,-0.134831
556,CTSH,2018-12-31,0.07863099999999999,0.05776600000000001,
557,CTSH,2018-09-30,0.082847,0.14435699999999999,-0.02381
558,CTSH,2018-06-30,0.091553,0.118477,-0.025
559,CTSH,2018-03-31,0.10321500000000002,0.20178,-0.032609
560,CTSH,2017-12-31,0.10571900000000001,0.17673699999999998,
561,CTSH,2017-09-30,0.090646,0.12058800000000001,0.15068499999999999
562,CTSH,2017-06-30,0.089021,0.03655,0.904762
563,CTSH,2017-03-31,0.10743299999999999,0.049844,0.260274
564,CTSH,2016-12-31,0.07083199999999999,0.032761,-0.014286000000000002
565,CTSH,2016-09-30,0.083464,0.08765200000000001,0.12307699999999999
566,CTSH,2016-06-30,0.092347,0.086577,-0.391304
567,ADI,2019-05-04,-0.023601,-0.044192,-0.08333299999999999
568,ADI,2019-02-02,-0.016446000000000002,0.025152,0.21519
569,ADI,2018-11-03,0.035957,0.120098,0.23404299999999997
570,ADI,2018-08-04,0.096783,0.7592399999999999,5.1666669999999995
571,ADI,2018-05-05,0.361957,1.4776079999999998,3.0
572,ADI,2018-02-03,0.5916210000000001,0.9972489999999999,0.12857100000000002
573,ADI,2017-10-28,0.535606,0.5535260000000001,-0.020833
574,ADI,2017-07-29,0.648938,0.23625300000000002,-0.76
575,ADI,2017-04-29,0.47410399999999997,0.09284500000000001,-0.5090910000000001
576,ADI,2017-01-28,0.279454,0.300052,0.320755
577,ADI,2016-10-29,0.025442,1.572635,2.0967740000000004
578,ADI,2016-07-30,0.007210999999999999,-0.004529,0.086957
579,REGN,2019-06-30,0.202533,-0.43933599999999995,-0.654297
580,REGN,2019-03-31,0.132529,-0.120262,-0.047297000000000006
581,REGN,2018-12-31,0.21827600000000003,0.32706399999999997,3.679012
582,REGN,2018-09-30,0.1085,0.10829,0.510989
583,REGN,2018-06-30,0.093806,0.12023800000000001,0.398907
584,REGN,2018-03-31,0.14594,0.287912,0.8813559999999999
585,REGN,2017-12-31,0.28986,0.525583,-0.327633
586,REGN,2017-09-30,0.229937,0.5299090000000001,0.43873500000000004
587,REGN,2017-06-30,0.212338,0.8488079999999999,0.946809
588,REGN,2017-03-31,0.098382,0.330335,0.356322
589,REGN,2016-12-31,0.117226,0.479641,0.617047
590,REGN,2016-09-30,0.07270800000000001,-0.054358,0.240196
591,REGN,2016-06-30,0.21430800000000005,-0.120781,-0.0052910000000000006
592,AMAT,2019-07-28,-0.202775,-0.348208,-0.483051
593,AMAT,2019-04-28,-0.22712399999999996,-0.3785710000000001,-0.336449
594,AMAT,2019-01-27,-0.107491,-0.253373,4.0625
595,AMAT,2018-10-28,0.011338,-0.05569400000000001,-0.021738999999999998
596,AMAT,2018-07-29,0.193376,0.21511100000000002,0.372093
597,AMAT,2018-04-29,0.29131399999999996,0.34228200000000003,0.407895
598,AMAT,2018-01-28,0.282794,0.475664,-0.753846
599,AMAT,2017-10-29,0.203822,0.371722,0.642857
600,AMAT,2017-07-30,0.32718899999999995,0.6233770000000001,0.829787
601,AMAT,2017-04-30,0.447347,1.001919,1.62069
602,AMAT,2017-01-29,0.45237,1.008889,1.6
603,AMAT,2016-10-30,0.392314,0.6897880000000001,1.0
604,AMAT,2016-07-31,0.132932,0.417178,0.740741
605,KHC,2019-06-29,-0.042451,-0.35113099999999997,-0.403226
606,KHC,2019-03-30,-0.054727,-0.5101330000000001,-0.597561
607,KHC,2018-12-29,0.007308999999999999,,
608,KHC,2018-10-01,,,
609,KHC,2018-09-29,0.016562999999999998,-0.249007,-0.32
610,KHC,2018-06-30,0.008440999999999999,-0.159451,-0.347368
611,KHC,2018-03-31,-0.0028469999999999997,0.027975999999999997,0.12328800000000001
612,KHC,2017-12-31,,,
613,KHC,2017-12-30,0.025637,0.106128,7.786238000000001
614,KHC,2017-09-30,0.0019149999999999998,0.186406,0.086957
615,KHC,2017-07-01,-0.023406,-0.049674,0.507937
616,KHC,2017-04-01,-0.037747,-0.10447800000000003,-0.013513999999999998
617,KHC,2016-12-31,-0.06372799999999999,,2.2412349999999996
618,KHC,2016-10-02,-0.015087,,
619,KHC,2016-07-03,-0.047265,,2.9375
620,ADSK,2019-04-30,0.313627,,0.710526
621,ADSK,2019-01-31,0.331347,,
622,ADSK,2018-10-31,0.28255399999999997,,0.8
623,ADSK,2018-07-31,0.219012,0.968434,0.727273
624,ADSK,2018-04-30,0.15276900000000002,0.657895,0.355932
625,ADSK,2018-01-31,0.156642,-0.170695,-0.012821
626,ADSK,2017-10-31,0.052492,-3.88961,0.140625
627,ADSK,2017-07-31,-0.088796,,-0.5
628,ADSK,2017-04-30,-0.051182,0.18789,0.213333
629,ADSK,2017-01-31,-0.26145300000000005,,-4.2
630,ADSK,2016-10-31,-0.183728,,-2.368421
631,ADSK,2016-07-31,-0.096473,-0.814815,0.627119
632,ROST,2019-05-04,0.05796700000000001,0.246509,0.035713999999999996
633,ROST,2019-02-02,0.009731,-0.07663500000000001,0.008333
634,ROST,2018-11-03,0.066303,0.010889,0.277778
635,ROST,2018-08-04,0.08926500000000001,0.019572,0.26506
636,ROST,2018-05-05,0.08534599999999999,0.07673200000000001,0.349398
637,ROST,2018-02-03,0.15886699999999998,-0.130221,0.558442
638,ROST,2017-10-28,0.078468,-0.15582,0.14285699999999998
639,ROST,2017-07-29,0.07880899999999999,0.099487,0.152778
640,ROST,2017-04-29,0.07039,0.050423,0.136986
641,ROST,2017-01-28,0.079807,0.6038049999999999,0.16666699999999998
642,ROST,2016-10-29,0.10918,0.500394,0.16666699999999998
643,ROST,2016-07-30,0.07164,0.11553,0.125
644,NTES,2019-06-30,0.152612,0.434357,0.471605
645,NTES,2019-03-31,0.295151,1.6199979999999998,2.240838
646,NTES,2018-12-31,0.358486,0.8441069999999999,0.35546500000000003
647,NTES,2018-09-30,0.35082399999999997,-0.027798000000000003,-0.351929
648,NTES,2018-06-30,0.21739099999999997,-0.195069,-0.281596
649,NTES,2018-03-31,0.039034,-0.689829,-0.8079109999999999
650,NTES,2017-12-31,0.20734,-0.570788,-0.651105
651,NTES,2017-09-30,0.354567,-0.059944000000000004,-0.08229700000000001
652,NTES,2017-06-30,0.494059,0.14440799999999998,0.08674699999999999
653,NTES,2017-03-31,0.723302,0.677477,0.595187
654,NTES,2016-12-31,0.530949,0.60292,0.704739
655,NTES,2016-09-30,0.380686,0.375551,0.460517
656,NTES,2016-06-30,0.9599409999999999,1.0930389999999999,0.915974
657,ATVI,2019-06-30,-0.149299,-0.19601300000000002,-0.188679
658,ATVI,2019-03-31,-0.071247,-0.127778,-0.12121199999999999
659,ATVI,2018-12-31,0.165443,0.95073,
660,ATVI,2018-09-30,-0.065513,-0.187867,0.36
661,ATVI,2018-06-30,0.006131,-0.065217,0.65625
662,ATVI,2018-03-31,0.13847,0.116625,0.157895
663,ATVI,2017-12-31,0.014399,-0.321782,
664,ATVI,2017-09-30,0.031888,-0.126496,-0.074074
665,ATVI,2017-06-30,0.038854,0.188192,0.6
666,ATVI,2017-03-31,0.186254,0.16474,0.16326500000000002
667,ATVI,2016-12-31,0.488544,1.148936,0.545455
668,ATVI,2016-09-30,0.583838,0.956522,0.5882350000000001
669,ATVI,2016-06-30,0.503831,0.245977,-0.31034500000000004
670,FISV,2019-06-30,0.064789,0.072874,-0.06557400000000001
671,FISV,2019-03-31,0.043056,-0.266846,-0.43137299999999995
672,FISV,2018-12-31,0.023087,0.092105,-0.424
673,FISV,2018-09-30,0.008570999999999999,0.022869,0.018182
674,FISV,2018-06-30,0.024531,0.022774000000000003,0.173077
675,FISV,2018-03-31,0.032999,0.56871,0.758621
676,FISV,2017-12-31,0.059399,0.108333,1.55102
677,FISV,2017-09-30,0.014493,0.016913,0.122449
678,FISV,2017-06-30,0.016875,0.040948000000000005,0.094737
679,FISV,2017-03-31,0.047333,0.077449,-0.10769200000000001
680,FISV,2016-12-31,0.046053,0.105991,0.209877
681,FISV,2016-09-30,0.051028,0.055804,0.042553
682,FISV,2016-06-30,0.050077,0.07907,0.759259
683,XLNX,2019-06-29,0.24148000000000006,0.20648899999999998,0.266667
684,XLNX,2019-03-30,0.297983,0.323527,0.6842109999999999
685,XLNX,2018-12-29,0.3365400000000001,0.5929679999999999,
686,XLNX,2018-09-29,0.1894,0.239103,0.214286
687,XLNX,2018-06-30,0.1353,0.2943,0.190476
688,XLNX,2018-03-31,0.047155,0.12501099999999998,-0.08064500000000001
689,XLNX,2017-12-30,0.022051,-0.0042580000000000005,
690,XLNX,2017-09-30,0.08323399999999999,0.07997000000000001,0.076923
691,XLNX,2017-07-01,0.0484,-0.086964,-0.015625
692,XLNX,2017-04-01,0.067218,-0.026271,0.087719
693,XLNX,2016-12-31,0.034355000000000004,0.007776000000000001,0.117647
694,XLNX,2016-10-01,0.097877,0.12933499999999998,0.326531
695,XLNX,2016-07-02,0.047309,0.027750999999999998,0.122807
696,EBAY,2019-06-30,0.017803,0.369792,-0.265625
697,EBAY,2019-03-31,0.024419,0.094987,0.45
698,EBAY,2018-12-31,0.06280000000000001,0.021557,
699,EBAY,2018-09-30,0.060448,-0.021419,0.510204
700,EBAY,2018-06-30,0.09136,-0.11111099999999999,20.333333
701,EBAY,2018-03-31,0.120278,0.067606,-0.583333
702,EBAY,2017-12-31,0.130271,0.025799000000000002,
703,EBAY,2017-09-30,0.126748,0.046218,0.324324
704,EBAY,2017-06-30,0.08475300000000001,-0.071633,-0.921053
705,EBAY,2017-03-31,0.077679,-0.090909,1.285714
706,EBAY,2016-12-31,0.031438,-0.022809,11.227273
707,EBAY,2016-09-30,0.056217,-0.060526,-0.177778
708,EBAY,2016-06-30,0.056872000000000006,0.159468,0.08571400000000001
709,ERIC,2019-06-30,0.100426,1.758621,
710,ERIC,2019-03-31,0.126581,3.5932739999999996,
711,ERIC,2018-12-31,0.10241700000000001,,0.646536
712,ERIC,2018-09-30,0.08898500000000001,9.516392999999999,
713,ERIC,2018-06-30,-0.009406999999999999,0.33737900000000004,-3.142857
714,ERIC,2018-03-31,-0.091877,,0.918831
715,ERIC,2017-12-31,-0.11245899999999999,,-10.489795999999998
716,ERIC,2017-09-30,-0.032559,-0.8173650000000001,-14.571429
717,ERIC,2017-06-30,-0.070729,-0.660556,
718,ERIC,2017-03-31,-0.084392,,
719,ERIC,2016-12-31,-0.113541,-0.8295999999999999,
720,ERIC,2016-09-30,-0.13666099999999998,-0.649482,
721,ERIC,2016-06-30,-0.108174,-0.205661,-0.234375
722,ALXN,2019-06-30,0.151483,,
723,ALXN,2019-03-31,0.22505100000000003,0.688805,1.348214
724,ALXN,2018-12-31,0.24084899999999998,-0.5171589999999999,
725,ALXN,2018-09-30,0.194855,1.433071,3.228571
726,ALXN,2018-06-30,0.144955,,
727,ALXN,2018-03-31,0.070492,0.18389,0.473684
728,ALXN,2017-12-31,0.09496900000000001,0.287171,-0.6829270000000001
729,ALXN,2017-09-30,0.07521900000000001,-0.318233,-0.16666699999999998
730,ALXN,2017-06-30,0.212085,0.120478,0.37037
731,ALXN,2017-03-31,0.24051399999999998,0.184791,0.8536590000000001
732,ALXN,2016-12-31,0.18516400000000002,0.196215,0.366667
733,ALXN,2016-09-30,0.198553,0.367766,
734,ALXN,2016-06-30,0.183571,0.5130779999999999,-0.357143
735,PAYX,2019-05-31,0.159276,0.096211,0.04918
736,PAYX,2019-02-28,0.143468,0.189103,-0.117647
737,PAYX,2018-11-30,0.06961400000000001,0.021378,0.2
738,PAYX,2018-08-31,0.088157,0.019754,0.152542
739,PAYX,2018-05-31,0.058977999999999996,0.008057,0.12963
740,PAYX,2018-02-28,0.176301,0.201422,0.8214290000000001
741,PAYX,2017-11-30,0.040964,-0.012606000000000001,-0.017856999999999998
742,PAYX,2017-08-31,0.009420999999999999,-0.00964,-0.016666999999999998
743,PAYX,2017-05-31,0.059292,0.094025,0.10204099999999999
744,PAYX,2017-02-28,0.057401,0.087629,0.12
745,PAYX,2016-11-30,0.067829,0.059646000000000005,0.076923
746,PAYX,2016-08-31,0.08644500000000001,0.091613,0.034483
747,AMD,2019-06-29,-0.128132,-0.43076899999999996,-0.75
748,AMD,2019-03-30,-0.227687,-0.408537,-0.875
749,AMD,2018-12-29,0.058954999999999994,0.918919,
750,AMD,2018-09-29,0.043561,0.232258,0.666667
751,AMD,2018-06-30,0.52563,4.735294000000001,
752,AMD,2018-03-31,0.398132,2.644444,
753,AMD,2017-12-31,,,
754,AMD,2017-12-30,0.162186,0.23333299999999998,0.639614
755,AMD,2017-09-30,0.211936,,
756,AMD,2017-07-01,0.12074,-0.413793,
757,AMD,2017-04-01,0.415865,,0.714286
758,AMD,2016-12-31,0.203549,,0.573108
759,AMD,2016-09-24,0.231857,-1.241379,-1.0
760,AMD,2016-06-25,0.090234,,
761,LRCX,2019-06-30,-0.244657,-0.343955,-0.423622
762,LRCX,2019-03-31,-0.156656,-0.287944,-0.245833
763,LRCX,2018-12-23,-0.022529,-0.055179,
764,LRCX,2018-09-23,-0.0595,-0.130519,-0.057691999999999986
765,LRCX,2018-06-24,0.333071,0.5143399999999999,0.953846
766,LRCX,2018-03-25,0.342675,0.48008199999999995,0.363636
767,LRCX,2017-12-24,0.371097,0.581118,
768,LRCX,2017-09-24,0.5180779999999999,0.9778389999999999,1.2195120000000002
769,LRCX,2017-06-25,0.516501,0.787987,1.006173
770,LRCX,2017-03-26,0.639197,1.3245859999999998,2.911111
771,LRCX,2016-12-25,0.320417,0.664004,0.453901
772,LRCX,2016-09-25,0.020234,-0.038198,-0.098901
773,LRCX,2016-06-26,0.043805000000000004,0.470901,0.951807
774,MNST,2019-06-30,0.08679400000000001,0.07155700000000001,0.125
775,MNST,2019-03-31,0.111726,0.118361,0.263158
776,MNST,2018-12-31,0.140524,0.142847,0.194444
777,MNST,2018-09-30,0.117303,0.073266,0.230769
778,MNST,2018-06-30,0.119952,0.028156,0.230769
779,MNST,2018-03-31,0.146568,0.067022,0.225806
780,MNST,2017-12-31,0.075076,0.069266,0.2
781,MNST,2017-09-30,0.154225,0.095643,0.158416
782,MNST,2017-06-30,0.096171,0.210171,0.271739
783,MNST,2017-03-31,0.091093,0.044393,0.148148
784,MNST,2016-12-31,0.16784600000000002,0.105868,0.304348
785,MNST,2016-09-30,0.041415,0.003247,0.188235
786,MNST,2016-06-30,0.192824,-0.198676,-0.28682199999999997
787,EA,2019-06-30,0.06332499999999999,0.337278,3.979167
788,EA,2019-03-31,-0.217446,-0.705808,-0.6464650000000001
789,EA,2018-12-31,0.111207,20.230769,
790,EA,2018-09-30,0.34098,,
791,EA,2018-06-30,-0.215321,-0.563307,-0.538462
792,EA,2018-03-31,0.036018,0.05741,0.076087
793,EA,2017-12-31,0.009574,-0.7111109999999999,
794,EA,2017-09-30,0.067929,-1.25,0.461538
795,EA,2017-06-30,0.140047,0.27722800000000003,0.424658
796,EA,2017-03-31,0.167431,0.282534,-0.372014
797,EA,2016-12-31,0.07383200000000001,1.368421,
798,EA,2016-09-30,0.10184,0.9420290000000001,0.7111109999999999
799,EA,2016-06-30,0.056525,0.080214,0.028169
800,NXPI,2019-06-30,-0.031878000000000004,0.047393,-0.0625
801,NXPI,2019-03-31,-0.077126,-0.116057,
802,NXPI,2018-12-31,-0.021580000000000002,-0.033245,-0.5727270000000001
803,NXPI,2018-09-30,0.024298,2.8685709999999998,16.625
804,NXPI,2018-07-01,0.039964,0.037705,0.06666699999999999
805,NXPI,2018-04-01,0.026232,-0.71577,-0.9561860000000001
806,NXPI,2017-12-31,0.006557,0.069701,0.416973
807,NXPI,2017-10-01,-0.033212,0.0,0.185185
808,NXPI,2017-07-02,-0.068922,0.026936,
809,NXPI,2017-04-02,-0.005845,37.155172,
810,NXPI,2016-12-31,0.5193030000000001,-0.434433,-0.580377
811,NXPI,2016-10-02,0.622208,0.492537,-0.8269230000000001
812,NXPI,2016-07-03,0.570385,0.381395,
813,XEL,2019-06-30,-0.030474,0.090382,-0.11538500000000003
814,XEL,2019-03-31,0.064385,0.131403,0.070175
815,XEL,2018-12-31,0.030043,-0.040047,0.13513499999999998
816,XEL,2018-09-30,0.010275,-0.048007,-0.010309
817,XEL,2018-06-30,0.004915,0.00116,0.155556
818,XEL,2018-03-31,0.001697,0.006725999999999999,0.212766
819,XEL,2017-12-31,0.000454,-0.007409999999999999,-0.169929
820,XEL,2017-09-30,-0.007613999999999998,0.032246000000000004,0.077778
821,XEL,2017-06-30,0.058064,0.09021,0.153846
822,XEL,2017-03-31,0.062666,0.062688,0.0
823,XEL,2016-12-31,0.056281,0.116596,0.08718300000000001
824,XEL,2016-09-30,0.047852,0.078523,0.07142899999999999
825,XEL,2016-06-30,-0.006077,0.093803,0.0
826,SIRI,2019-06-30,0.380298,0.32492800000000005,-0.14285699999999998
827,SIRI,2019-03-31,0.26827,-0.08027999999999999,-0.333333
828,SIRI,2018-12-31,0.065539,0.15559,
829,SIRI,2018-09-30,0.06363200000000001,0.085991,0.333333
830,SIRI,2018-06-30,0.062876,-0.109461,0.75
831,SIRI,2018-03-31,0.06262100000000001,0.053679999999999985,0.5
832,SIRI,2017-12-31,0.07743699999999999,0.173716,
833,SIRI,2017-09-30,0.079795,0.11698299999999999,0.5
834,SIRI,2017-06-30,0.09064900000000001,0.142255,0.0
835,SIRI,2017-03-31,0.077481,0.131493,0.333333
836,SIRI,2016-12-31,0.08932999999999999,0.090132,0.333333
837,SIRI,2016-09-30,0.092274,0.09021799999999999,0.333333
838,SIRI,2016-06-30,0.100031,0.496777,1.0
839,TEAM,2019-06-30,0.372475,,-8.0
840,TEAM,2019-03-31,0.378639,,-11.142857000000001
841,TEAM,2018-12-31,0.393335,1.195813,
842,TEAM,2018-09-30,0.367362,58.185567000000006,-19.6
843,TEAM,2018-06-30,0.398392,,-0.22222199999999998
844,TEAM,2018-03-31,0.40286,,0.125
845,TEAM,2017-12-31,0.44100100000000003,-0.073949,-27.0
846,TEAM,2017-09-30,0.429083,-0.9001370000000001,-4.0
847,TEAM,2017-06-30,0.366359,-0.681854,-3.5
848,TEAM,2017-03-31,0.355827,,-7.0
849,TEAM,2016-12-31,0.357346,-0.014304,
850,TEAM,2016-09-30,0.343393,-0.749053,
851,TEAM,2016-06-30,0.389696,,-1.0
852,MELI,2019-06-30,0.625758,,
853,MELI,2019-03-31,0.476029,,
854,MELI,2018-12-31,0.19537000000000002,,0.9673200000000002
855,MELI,2018-09-30,0.165158,-0.992398,
856,MELI,2018-06-30,0.181396,,
857,MELI,2018-03-31,0.190233,,
858,MELI,2017-12-31,0.397187,,
859,MELI,2017-09-30,0.320879,-0.37265,-0.284091
860,MELI,2017-06-30,0.421941,0.025362,-0.666667
861,MELI,2017-03-31,0.71081,0.968292,0.6176470000000001
862,MELI,2016-12-31,0.417984,0.827383,0.318182
863,MELI,2016-09-30,0.36886599999999997,0.194339,-0.14563099999999998
864,MELI,2016-06-30,0.293752,-0.034867,-0.181818
865,PCAR,2019-06-30,0.14171799999999998,0.095412,0.12578599999999998
866,PCAR,2019-03-31,0.14743499999999998,0.152811,0.24827600000000002
867,PCAR,2018-12-31,0.15126699999999998,0.110111,-0.005988
868,PCAR,2018-09-30,0.137775,0.057119,0.359649
869,PCAR,2018-06-30,0.234046,0.215265,0.5
870,PCAR,2018-03-31,0.33415100000000003,0.33401400000000003,0.647727
871,PCAR,2017-12-31,0.339966,0.353232,1.030832
872,PCAR,2017-09-30,0.190686,0.15023,0.151515
873,PCAR,2017-06-30,0.065939,-0.12042,-0.226277
874,PCAR,2017-03-31,-0.014441999999999998,,
875,PCAR,2016-12-31,-0.065346,-0.10319500000000001,-0.160895
876,PCAR,2016-09-30,-0.123329,-0.135698,-0.181818
877,PCAR,2016-06-30,-0.131243,0.022501000000000004,0.087302
878,CTRP,2019-03-31,0.212896,0.0,3.301228
879,CTRP,2018-12-31,0.22468800000000005,0.0,
880,CTRP,2018-09-30,0.15223499999999998,0.0,
881,CTRP,2018-06-30,0.133148,0.0,5.380952
882,CTRP,2018-03-31,0.113482,0.0,18.098765
883,CTRP,2017-12-31,0.218207,0.0,-0.492654
884,CTRP,2017-09-30,0.457142,0.0,51.025
885,CTRP,2017-06-30,0.464199,0.0,
886,CTRP,2017-03-31,0.446862,0.0,
887,CTRP,2016-12-31,0.763112,0.0,5.04142
888,CTRP,2016-09-30,0.7512779999999999,0.0,-0.994132
889,CTRP,2016-06-30,0.7455670000000001,0.0,
890,GOLD,2019-06-30,0.205023,0.391916,
891,GOLD,2019-03-31,0.16927399999999998,0.0070589999999999984,-0.571429
892,GOLD,2018-12-31,-0.145422,0.134328,-2.808832
893,GOLD,2018-09-30,-0.078274,-0.6840930000000001,-34.0
894,GOLD,2018-06-30,-0.207407,-0.717056,
895,GOLD,2018-03-31,-0.10185599999999999,-0.58272,-0.758621
896,GOLD,2017-12-31,-0.039241000000000005,-0.902118,
897,GOLD,2017-09-30,-0.132347,-0.238136,
898,GOLD,2017-06-30,0.073559,1.2026290000000002,6.75
899,GOLD,2017-03-31,0.032642000000000004,1.4135069999999998,
900,GOLD,2016-12-31,0.036193,,
901,GOLD,2016-09-30,-0.007775,1.543103,
902,GOLD,2016-06-30,-0.098162,0.237127,
903,ALGN,2019-06-30,0.22526500000000002,0.5184340000000001,0.393939
904,ALGN,2019-03-31,0.25644500000000003,0.055224,-0.25
905,ALGN,2018-12-31,0.267484,0.135829,8.384615
906,ALGN,2018-09-30,0.311529,0.28134499999999996,0.22330100000000006
907,ALGN,2018-06-30,0.37527,0.463822,0.534884
908,ALGN,2018-03-31,0.407884,0.576445,0.37931
909,ALGN,2017-12-31,0.436967,0.595888,-0.783333
910,ALGN,2017-09-30,0.382923,0.576326,0.609375
911,ALGN,2017-06-30,0.32343099999999997,0.31633700000000003,0.365079
912,ALGN,2017-03-31,0.300021,0.196367,0.705882
913,ALGN,2016-12-31,0.273268,0.177347,-0.016393
914,ALGN,2016-09-30,0.341718,0.6211899999999999,0.8285710000000001
915,ALGN,2016-06-30,0.28581100000000004,0.505283,0.6153850000000001
916,WLTW,2019-06-30,0.029146,0.5625,1.409091
917,WLTW,2019-03-31,0.008726000000000001,0.2949,0.364198
918,WLTW,2018-12-31,0.141482,1.148515,0.572973
919,WLTW,2018-09-30,0.00378,0.15116300000000002,
920,WLTW,2018-06-30,0.018945,-0.051851999999999995,0.833333
921,WLTW,2018-03-31,-0.011643,-0.253311,-0.35458199999999995
922,WLTW,2017-12-31,0.07836,0.07446799999999999,6.4
923,WLTW,2017-09-30,0.042206,-0.15270899999999998,-0.7391300000000001
924,WLTW,2017-06-30,0.002052,-0.114754,-0.538462
925,WLTW,2017-03-31,0.038048,0.139623,0.426136
926,WLTW,2016-12-31,0.978439,4.64,
927,WLTW,2016-09-30,1.100473,1.706667,
928,WLTW,2016-06-30,1.113883,1.118056,-0.496665
929,MCHP,2019-06-30,0.090804,0.612258,0.4
930,MCHP,2019-03-31,0.326748,0.30498800000000004,0.174603
931,MCHP,2018-12-31,0.38272,0.097049,
932,MCHP,2018-09-30,0.415374,-0.143651,-0.493827
933,MCHP,2018-06-30,0.2473,-0.18291400000000002,-0.7972969999999999
934,MCHP,2018-03-31,0.110386,0.42024799999999995,0.02482
935,MCHP,2017-12-31,0.191563,0.7155710000000001,
936,MCHP,2017-09-30,0.161512,1.152914,3.764706
937,MCHP,2017-06-30,0.21602,5.9100800000000016,
938,MCHP,2017-03-31,0.618692,0.816249,0.8628549999999999
939,MCHP,2016-12-31,0.5441389999999999,0.5300509999999999,0.666667
940,MCHP,2016-09-30,0.609491,0.202106,-0.46875
941,MCHP,2016-06-30,0.497159,-0.7025929999999999,
942,VRSN,2019-06-30,0.012686,0.038501,0.097345
943,VRSN,2019-03-31,0.023790000000000002,0.072437,-0.014493
944,VRSN,2018-12-31,0.040443,0.091378,0.43809499999999996
945,VRSN,2018-09-30,0.045649,0.07078200000000001,-0.017391
946,VRSN,2018-06-30,0.048172,0.096551,-0.07377
947,VRSN,2018-03-31,0.036984,0.048643,0.210526
948,VRSN,2017-12-31,0.032242,0.031889999999999995,0.039604
949,VRSN,2017-09-30,0.01695,0.021528,0.064815
950,VRSN,2017-06-30,0.0072819999999999985,-0.019846000000000003,0.161905
951,VRSN,2017-03-31,0.023903999999999998,0.037102,0.16326500000000002
952,VRSN,2016-12-31,0.050054,0.055398,0.097826
953,VRSN,2016-09-30,0.08192500000000001,0.118521,0.317073
954,VRSN,2016-06-30,0.091137,0.15760300000000002,0.3125
955,VRSK,2019-06-30,0.08531499999999999,0.083275,-0.010753
956,VRSK,2019-03-31,0.075361,0.097315,0.012346
957,VRSK,2018-12-31,0.076451,0.064481,-0.282258
958,VRSK,2018-09-30,0.09033,0.053412,0.383562
959,VRSK,2018-06-30,0.14927400000000002,0.140008,0.273973
960,VRSK,2018-03-31,0.156387,0.100082,0.24615399999999998
961,VRSK,2017-12-31,0.126852,0.16258399999999998,0.9375
962,VRSK,2017-09-30,0.102389,0.076299,-0.039474
963,VRSK,2017-06-30,0.04997,0.025776999999999998,0.140625
964,VRSK,2017-03-31,0.020093,-0.066973,0.0
965,VRSK,2016-12-31,0.060117,-0.068713,0.0
966,VRSK,2016-09-30,0.058868,0.005201,0.027027
967,VRSK,2016-06-30,0.162625,0.20108299999999998,-0.340206
968,LULU,2019-05-05,0.204106,0.5554100000000001,0.345455
969,LULU,2019-02-03,0.25695,0.289767,0.8863639999999999
970,LULU,2018-10-28,0.207808,0.46817299999999995,0.613636
971,LULU,2018-07-29,0.24515100000000004,0.6769700000000001,0.9722219999999999
972,LULU,2018-04-29,0.24869700000000006,0.911148,1.391304
973,LULU,2018-01-28,0.175788,0.288642,-0.11111099999999999
974,LULU,2017-10-29,0.137031,-0.023817,-0.12
975,LULU,2017-07-30,0.129313,0.028172000000000006,-0.076923
976,LULU,2017-04-30,0.050031,-0.106651,-0.30303
977,LULU,2017-01-29,0.121634,0.17907399999999998,0.16470600000000002
978,LULU,2016-10-30,0.134926,0.330523,0.315789
979,LULU,2016-07-31,0.135781,0.134292,0.147059
980,UAL,2019-06-30,0.057994,0.355912,0.625
981,UAL,2019-03-31,0.06167000000000001,0.661578,1.137255
982,UAL,2018-12-31,0.11004100000000001,-0.064639,-0.141414
983,UAL,2018-09-30,0.111526,0.043093000000000006,0.427907
984,UAL,2018-06-30,0.07683899999999999,-0.146984,-0.071161
985,UAL,2018-03-31,0.07192,-0.062053,0.59375
986,UAL,2017-12-31,0.044079,-0.12856199999999998,0.571429
987,UAL,2017-09-30,-0.0014119999999999998,-0.203573,-0.288079
988,UAL,2017-06-30,0.065134,0.272083,0.5
989,UAL,2017-03-31,0.028188,-0.257092,-0.636364
990,UAL,2016-12-31,0.001771,-0.030829000000000002,-0.4375
991,UAL,2016-09-30,-0.038133,-0.101774,-0.764614
992,UAL,2016-06-30,-0.052249000000000004,-0.179365,-0.433121
993,INFO,2019-05-31,0.126153,0.226996,0.275862
994,INFO,2019-02-28,0.122626,0.173013,-0.540984
995,INFO,2018-11-30,0.130306,0.13991800000000001,-0.22222199999999998
996,INFO,2018-08-31,0.10644400000000001,0.103183,-0.29729700000000003
997,INFO,2018-05-31,0.112791,0.201464,0.16
998,INFO,2018-02-28,0.104122,0.249423,2.8125
999,INFO,2017-11-30,0.08113999999999999,0.447996,0.28571399999999997
1000,INFO,2017-08-31,0.24855100000000002,2.644,
1001,INFO,2017-05-31,0.541249,0.592638,0.315789
1002,INFO,2017-02-28,1.933287,1.348156,0.14285699999999998
1003,INFO,2016-11-30,1.9975990000000001,0.515599,-0.192308
1004,INFO,2016-08-31,1.613054,0.16279100000000002,
1005,CTAS,2019-05-31,0.074379,0.200465,0.237724
1006,CTAS,2019-02-28,0.058642999999999994,0.390196,-0.307692
1007,CTAS,2018-11-30,0.06961200000000001,0.191382,0.7716540000000001
1008,CTAS,2018-08-31,0.053659000000000005,0.10678299999999999,0.306667
1009,CTAS,2018-05-31,0.091004,0.40392,1.2894739999999998
1010,CTAS,2018-02-28,0.265875,0.124367,1.5045870000000001
1011,CTAS,2017-11-30,0.263842,0.250485,0.104348
1012,CTAS,2017-08-31,0.272256,0.28531599999999996,0.181102
1013,CTAS,2017-05-31,0.230581,-0.0007430000000000001,-0.28972
1014,CTAS,2017-02-28,0.032304,0.008205,0.018692
1015,CTAS,2016-11-30,0.042653,0.011856,0.095238
1016,CTAS,2016-08-31,0.056519000000000014,0.09690399999999999,0.351064
1017,FITB,2019-06-30,0.141153,0.0,-0.321429
1018,FITB,2019-03-31,0.19810899999999998,0.0,0.16326500000000002
1019,FITB,2018-12-31,0.143521,0.0,-0.084507
1020,FITB,2018-09-30,-0.307777,0.0,-0.5474450000000001
1021,FITB,2018-06-30,0.20479,0.0,0.8260870000000001
1022,FITB,2018-03-31,0.314481,0.0,1.5789469999999999
1023,FITB,2017-12-31,0.029306,0.0,0.4489800000000001
1024,FITB,2017-09-30,0.43015299999999995,0.0,1.075758
1025,FITB,2017-06-30,0.015198,0.0,0.15
1026,FITB,2017-03-31,-0.039403,0.0,-0.05
1027,FITB,2016-12-31,-0.216495,0.0,-0.3875
1028,FITB,2016-09-30,0.09085700000000001,0.0,0.434783
1029,FITB,2016-06-30,0.055164,0.0,0.11111099999999999
1030,CHKP,2019-06-30,0.043496,-0.048397,-0.031746
1031,CHKP,2019-03-31,0.043115,-0.031317000000000005,-0.008475
1032,CHKP,2018-12-31,0.038632,-0.055671000000000005,0.026846
1033,CHKP,2018-09-30,0.035625,0.009386,0.067227
1034,CHKP,2018-06-30,0.020056,0.01527,0.095652
1035,CHKP,2018-03-31,0.038755000000000005,0.016307000000000002,0.06306300000000001
1036,CHKP,2017-12-31,0.039656,0.107385,0.120301
1037,CHKP,2017-09-30,0.06327100000000001,0.088416,0.19
1038,CHKP,2017-06-30,0.084741,0.096024,0.185567
1039,CHKP,2017-03-31,0.077124,0.043154000000000005,0.14433
1040,CHKP,2016-12-31,0.062512,0.00806,0.198198
1041,CHKP,2016-09-30,0.058729,0.010889,0.06383
1042,CHKP,2016-06-30,0.06934599999999999,0.015877000000000002,0.077778
