,Ticker,Date,CR,QR,IntT,Wcap
0,AAPL,2019-06-29,1.0547,1.2125,34.6294,-11612.0
1,AAPL,2019-03-30,0.8541,1.015,25.5273,-10474.0
2,AAPL,2018-12-29,0.7982,0.9651,34.3616,-21228.0
3,AAPL,2018-09-29,0.5719,0.7719,37.1708,-28746.0
4,AAPL,2018-06-30,0.8015,0.9608,34.7034,-18449.0
5,AAPL,2018-03-31,0.9845,1.1449,28.8808,-12325.0
6,AAPL,2017-12-30,0.6663,0.8688,41.2881,-35124.0
7,AAPL,2017-09-30,0.7358,0.9131,40.3744,-26320.0
8,AAPL,2017-07-01,0.9441,1.0966,55.2297,-16370.0
9,AAPL,2017-04-01,0.9149,1.0728,52.3102,-14084.0
10,AAPL,2016-12-31,0.7186,0.8856,51.9473,-21741.0
11,AAPL,2016-09-24,0.85,1.0494,58.6369,-19408.0
12,AAPL,2016-06-25,0.8639,1.0278,68.8304,-12773.0
13,MSFT,2019-06-30,1.9277,2.353,18.163,22205.0
14,MSFT,2019-03-31,2.4437,2.8014,20.9368,13676.0
15,MSFT,2018-12-31,2.5371,2.9282,20.8572,14078.0
16,MSFT,2018-09-30,2.4145,2.7235,11.7158,12493.0
17,MSFT,2018-06-30,2.2871,2.7399,15.8385,20526.0
18,MSFT,2018-03-31,2.8671,3.2402,18.2461,11669.0
19,MSFT,2017-12-31,2.4575,2.7747,18.0918,12581.0
20,MSFT,2017-09-30,2.6828,2.9649,10.9569,10906.0
21,MSFT,2017-06-30,2.3855,2.7879,15.4607,17222.0
22,MSFT,2017-03-31,2.4232,2.6709,15.2558,8644.0
23,MSFT,2016-12-31,1.9167,2.178,14.3453,12118.0
24,MSFT,2016-09-30,2.6215,2.8795,9.633,10305.0
25,MSFT,2016-06-30,2.1325,2.5211,12.7227,15989.0
26,AMZN,2019-06-30,0.5951,0.8354,8.863999999999997,-736.0
27,AMZN,2019-03-31,0.5812,0.8321,9.4041,602.0
28,AMZN,2018-12-31,0.6031,0.847,8.3776,-4341.0
29,AMZN,2018-09-30,0.5379999999999999,0.7957,8.9855,-784.0
30,AMZN,2018-06-30,0.5325,0.7806,9.6765,-226.0
31,AMZN,2018-03-31,0.5196,0.7699,9.8387,694.0
32,AMZN,2017-12-31,0.5353,0.7627,8.1383,-5405.0
33,AMZN,2017-09-30,0.5164,0.7407,8.3909,-1807.0
34,AMZN,2017-06-30,0.5294,0.728,9.1107,-1883.0
35,AMZN,2017-03-31,0.5757,0.7717,9.101,-962.0
36,AMZN,2016-12-31,0.593,0.7833,8.1334,-5509.0
37,AMZN,2016-09-30,0.5477,0.7437,8.502,-1539.0
38,AMZN,2016-06-30,0.5589999999999999,0.7649,9.2792,-443.0
39,FB,2019-06-30,3.7442,4.3231,0.0,6858.0
40,FB,2019-03-31,4.5663,5.2198,0.0,5871.0
41,FB,2018-12-31,5.8592,6.9404,0.0,6767.0
42,FB,2018-09-30,7.5441,8.6532,0.0,5468.0
43,FB,2018-06-30,9.0597,10.2567,0.0,5171.0
44,FB,2018-03-31,8.6425,9.6483,0.0,4522.0
45,FB,2017-12-31,11.0934,12.6444,0.0,5452.0
46,FB,2017-09-30,11.5852,12.9238,0.0,4041.0
47,FB,2017-06-30,10.6944,11.87,0.0,3574.0
48,FB,2017-03-31,11.0335,12.1998,0.0,3245.0
49,FB,2016-12-31,10.2431,11.632,0.0,3691.0
50,FB,2016-09-30,10.0732,11.2563,0.0,2810.0
51,FB,2016-06-30,10.5351,11.8019,0.0,2671.0
52,INTC,2019-06-29,0.6061,0.9225,3.4703,10247.0
53,INTC,2019-03-30,0.6363,1.0042,3.7218,10663.0
54,INTC,2018-12-29,0.7007,1.105,3.8088,10151.0
55,INTC,2018-09-29,0.6736,0.9524,3.6226,9265.0
56,INTC,2018-06-30,0.6957,0.9596,3.693,7837.0
57,INTC,2018-03-31,0.8114,1.0559,3.7633,7610.0
58,INTC,2017-12-30,0.8037,1.1256,3.7752,9662.0
59,INTC,2017-09-30,0.8461,1.1338,3.722,9329.0
60,INTC,2017-07-01,1.3805,1.6679,3.8547,8050.0
61,INTC,2017-04-01,0.8118,1.0428,4.027,7501.0
62,INTC,2016-12-31,0.8422,1.0732,4.3276,7768.0
63,INTC,2016-10-01,0.8843,1.1308,4.1405,7554.0
64,INTC,2016-07-02,0.9454,1.1819,4.1081,6806.0
65,CSCO,2019-07-27,1.0536,1.3875,11.9158,9910.0
66,CSCO,2019-04-27,1.2411,1.5528,11.3132,8191.0
67,CSCO,2019-01-26,1.3699,1.6639,10.6895,8713.0
68,CSCO,2018-10-27,1.6125,1.9679,11.6025,9154.0
69,CSCO,2018-07-28,1.7218,2.1103,10.8169,10445.0
70,CSCO,2018-04-28,1.9004,2.2196,11.2609,9490.0
71,CSCO,2018-01-27,2.0836,2.3349,11.4601,9724.0
72,CSCO,2017-10-28,2.4446,2.7603,12.5633,9782.0
73,CSCO,2017-07-29,2.5556,2.9182,12.5528,10233.0
74,CSCO,2017-04-29,2.9921,3.4003,13.1835,9421.0
75,CSCO,2017-01-28,3.1639,3.5582000000000003,13.4912,9261.0
76,CSCO,2016-10-29,3.0567,3.4593,13.4725,9526.0
77,CSCO,2016-10-28,,,,
78,CSCO,2016-07-30,2.6396,3.0458,12.8601,10280.0
79,CMCSA,2019-06-30,0.1264,0.4758,0.0,10835.0
80,CMCSA,2019-03-31,0.1253,0.5099,0.0,10736.0
81,CMCSA,2018-12-31,0.1382,0.5404,0.0,11104.0
82,CMCSA,2018-09-30,0.5409,0.9986,0.0,8983.0
83,CMCSA,2018-06-30,0.3013,0.7667,0.0,8847.0
84,CMCSA,2018-03-31,0.3144,0.7711,0.0,8759.0
85,CMCSA,2017-12-31,0.1559,0.5575,0.0,8834.0
86,CMCSA,2017-09-30,0.1918,0.5608,0.0,7915.0
87,CMCSA,2017-06-30,0.1209,0.4732,0.0,7849.0
88,CMCSA,2017-03-31,0.2109,0.6054,0.0,7525.0
89,CMCSA,2016-12-31,0.1533,0.5227,0.0,7955.0
90,CMCSA,2016-09-30,0.1556,0.5732,0.0,7533.0
91,CMCSA,2016-06-30,0.265,0.6462,0.0,6708.0
92,PEP,2019-06-15,0.1798,0.6065,7.9035,12490.0
93,PEP,2019-03-23,0.2808,0.6792,8.5394,11158.0
94,PEP,2018-12-29,0.4062,0.6808,9.6728,1994.0
95,PEP,2018-09-08,0.7053,1.1101,9.2364,11117.0
96,PEP,2018-06-16,0.7382,1.0575,8.2683,11332.0
97,PEP,2018-03-24,0.7962,1.0732,8.814,10506.0
98,PEP,2017-12-30,0.9516,1.2421,10.1559,2176.0
99,PEP,2017-09-09,0.8175,1.1719,9.0002,11174.0
100,PEP,2017-06-17,0.7759999999999999,1.1171,8.0535,11155.0
101,PEP,2017-03-25,0.7387,1.0551,8.7239,10130.0
102,PEP,2016-12-31,0.763,1.0331,10.37,2274.0
103,PEP,2016-09-03,0.7179,1.094,8.8892,10865.0
104,PEP,2016-06-11,0.7248,1.1308,7.5379,10982.0
105,NFLX,2019-06-30,0.7217,0.7217,0.0,-442.194
106,NFLX,2019-03-31,0.4883,0.4883,0.0,-439.496
107,NFLX,2018-12-31,0.5849,0.5849,0.0,-562.985
108,NFLX,2018-09-30,0.487,0.487,0.0,-441.427
109,NFLX,2018-06-30,0.6425,0.6425,0.0,-448.219
110,NFLX,2018-03-31,0.4319,0.4319,0.0,-436.18300000000005
111,NFLX,2017-12-31,0.5164,0.5164,0.0,-359.555
112,NFLX,2017-09-30,0.3289,0.3289,0.0,-301.443
113,NFLX,2017-06-30,0.4226,0.4226,0.0,-273.398
114,NFLX,2017-03-31,0.2731,0.2731,0.0,-294.831
115,NFLX,2016-12-31,0.378,0.378,0.0,-312.842
116,NFLX,2016-09-30,0.3045,0.3045,0.0,-285.753
117,NFLX,2016-06-30,0.4527,0.4527,0.0,-240.458
118,ADBE,2019-05-31,0.4526,0.6181,0.0,1103.567
119,ADBE,2019-03-01,0.6072,0.8598,0.0,1197.0510000000004
120,ADBE,2018-11-30,0.7507,1.0566,0.0,1129.32
121,ADBE,2018-08-31,1.3039,1.5794,0.0,898.941
122,ADBE,2018-06-01,1.6986,1.9869,0.0,957.683
123,ADBE,2018-03-02,1.7384,2.0389,0.0,931.6
124,ADBE,2017-12-01,1.6498,1.9951,0.0,1104.43
125,ADBE,2017-09-01,1.6692,1.9821,0.0,915.86
126,ADBE,2017-06-02,1.618,1.9138,0.0,823.547
127,ADBE,2017-03-03,1.5733,1.8613,0.0,659.3560000000001
128,ADBE,2016-12-02,1.6934,1.9897,0.0,745.0089999999999
129,ADBE,2016-09-02,1.7745,2.0663,0.0,647.722
130,ADBE,2016-06-03,1.8102,2.0897,0.0,591.154
131,PYPL,2019-06-30,0.2819,0.2946,0.0,180.0
132,PYPL,2019-03-31,0.2741,0.2884,0.0,183.0
133,PYPL,2018-12-31,0.3516,0.3637,0.0,32.0
134,PYPL,2018-09-30,0.3599,0.3753,0.0,165.0
135,PYPL,2018-06-30,0.2001,0.2115,0.0,82.0
136,PYPL,2018-03-31,0.2452,0.2553,0.0,71.0
137,PYPL,2017-12-31,0.2491,0.2615,0.0,26.0
138,PYPL,2017-09-30,0.2377,0.2522,0.0,-673.0
139,PYPL,2017-06-30,0.2195,0.2289,0.0,5.0
140,PYPL,2017-03-31,0.2346,0.2449,0.0,14.0
141,PYPL,2016-12-31,0.2948,0.3074,0.0,22.0
142,PYPL,2016-09-30,0.3258,0.3378,0.0,13.0
143,PYPL,2016-06-30,0.3256,0.3366,0.0,-2.0
144,AVGO,2019-05-05,0.6266,1.0363,8.781,3759.0
145,AVGO,2019-02-03,0.61,1.0504,8.4541,4013.0
146,AVGO,2018-11-04,1.8358,3.2579,7.8685,3638.0
147,AVGO,2018-08-05,1.8912,3.2675,7.6063,3441.0
148,AVGO,2018-05-06,3.8545,5.1488,7.806,3148.0
149,AVGO,2018-02-04,3.5919,4.8401,7.3757,2934.0
150,AVGO,2017-10-29,4.4302,5.3982,6.4117,2790.0
151,AVGO,2017-07-30,2.4567,3.5464,6.3069,2690.0
152,AVGO,2017-04-30,2.1706,3.1808,5.995,2459.0
153,AVGO,2017-01-29,1.6664,2.5839,9.4283,2236.0
154,AVGO,2016-10-30,1.0062,1.7147,7.5884,2320.0
155,AVGO,2016-07-31,0.7188,1.5183,6.8152,2360.0
156,AMGN,2019-06-30,2.0484,2.4062,1.3464,5976.0
157,AMGN,2019-03-31,2.07,2.3668,1.4115,5696.0
158,AMGN,2018-12-31,2.1726,2.438,1.4205,5313.0
159,AMGN,2018-09-30,2.4068,2.6836,1.3674,5416.0
160,AMGN,2018-06-30,2.6234,2.9361,1.3337,5541.0
161,AMGN,2018-03-31,3.0701,3.4168,1.3797,5496.0
162,AMGN,2017-12-31,4.6206,4.9795,1.4587,4719.0
163,AMGN,2017-09-30,5.0471,5.4626,1.454,5452.0
164,AMGN,2017-06-30,5.0194,5.475,1.4609,5638.0
165,AMGN,2017-03-31,3.649,3.9576,1.5212,5217.0
166,AMGN,2016-12-31,3.3992,3.6817,1.6069,4993.0
167,AMGN,2016-09-30,3.6027,3.905,1.5986,5042.0
168,AMGN,2016-06-30,3.2349,3.5191,1.5934,4879.0
169,NVDA,2019-07-28,6.4351,7.6203,3.6792,2328.0
170,NVDA,2019-04-28,6.5951,7.645,3.8956,2300.0
171,NVDA,2019-01-27,5.5847,6.6561,3.8338,2488.0
172,NVDA,2018-10-28,4.7208,6.1007,4.0959,2734.0
173,NVDA,2018-07-29,5.433,6.5698,4.5902,1952.0
174,NVDA,2018-04-29,6.6004000000000005,7.7034,5.246,1394.0
175,NVDA,2018-01-28,6.1648,7.2619,4.8956,1465.0
176,NVDA,2017-10-29,6.1538,7.2902,4.7552,1513.0
177,NVDA,2017-07-30,5.6948,6.8702,4.9506,1637.0
178,NVDA,2017-04-30,6.3133,7.3062,5.07,1449.0
179,NVDA,2017-01-29,3.802,4.2639999999999985,4.698,1135.0
180,NVDA,2016-10-30,3.2685,3.6766,4.6866,989.0
181,NVDA,2016-07-31,2.027,2.2946,4.8586,742.0
182,COST,2019-05-12,0.3577,0.4323,11.8784,1677.0
183,COST,2019-02-17,0.3172,0.4061,11.6353,2640.0
184,COST,2018-11-25,0.3539,0.4338,10.7744,867.0
185,COST,2018-09-02,0.3643,0.4481,11.7996,1472.0
186,COST,2018-05-13,0.3629,0.445,11.9024,1514.0
187,COST,2018-02-18,0.3083,0.4141,11.6843,2611.0
188,COST,2017-11-26,0.3382,0.4147,10.5052,780.0
189,COST,2017-09-03,0.3303,0.4122,11.9004,1658.0
190,COST,2017-05-07,0.2676,0.3359,11.4487,1773.0
191,COST,2017-02-12,0.3163,0.401,11.3923,2363.0
192,COST,2016-11-20,0.3192,0.3974,9.8155,1216.0
193,COST,2016-08-28,0.3036,0.384,11.5121,2609.0
194,TXN,2019-06-30,1.5941,2.1304,2.5944000000000003,3086.0
195,TXN,2019-03-31,1.8925,2.5595,2.6414,3094.0
196,TXN,2018-12-31,1.7109999999999999,2.1989,2.6387,2946.0
197,TXN,2018-09-30,2.1465,2.8119,2.7371,3209.0
198,TXN,2018-06-30,3.4993,4.5573,2.7297,3149.0
199,TXN,2018-03-31,2.193,2.9747,2.8031,2998.0
200,TXN,2017-12-31,1.9792,2.5452,2.854,2769.0
201,TXN,2017-09-30,1.6759,2.4428,2.8601,3054.0
202,TXN,2017-06-30,1.5898,2.3724,2.7439,2966.0
203,TXN,2017-03-31,1.9032,2.7378,2.8465,2751.0
204,TXN,2016-12-31,1.5415,2.1011,2.9377,2661.0
205,TXN,2016-09-30,1.4456,2.1124,2.8829,2827.0
206,TXN,2016-06-30,1.2752,1.9523,2.7652,2808.0
207,SNY,2019-06-30,0.35100000000000003,0.7274,1.4639,10570.0
208,SNY,2019-03-31,,,,
209,SNY,2018-12-31,0.41,0.8278,1.5999,9696.0
210,SNY,2018-09-30,,,,
211,SNY,2018-06-30,0.3769,0.7091,1.534,9384.0
212,SNY,2018-03-31,,,,
213,SNY,2017-12-31,0.6721,1.1387,1.6939,9401.0
214,SNY,2017-09-30,,,,
215,SNY,2017-06-30,0.6374,1.0392,1.5934,9800.0
216,SNY,2017-03-31,,,,
217,SNY,2016-12-31,0.5845,0.9992,1.5964,9906.0
218,SNY,2016-09-30,,,,
219,SNY,2016-06-30,0.3826,0.8321,1.4944,10429.0
220,SBUX,2019-06-30,0.8201,0.9542,12.7924,1162.4
221,SBUX,2019-03-31,0.4042,0.5377,12.864,1049.9
222,SBUX,2018-12-30,0.9197,1.0526,13.4059,975.5
223,SBUX,2018-09-30,1.5724,1.6943,12.5658,914.3
224,SBUX,2018-07-01,0.35600000000000004,0.51,12.3254,1321.1
225,SBUX,2018-04-01,0.4323,0.6,12.16,1375.8
226,SBUX,2017-12-31,0.5508,0.6753,12.5093,1312.9
227,SBUX,2017-10-01,0.6375,0.8438,11.3259,1451.9
228,SBUX,2017-07-02,0.7466,0.9431,11.4489,1446.2
229,SBUX,2017-04-02,0.5987,0.7965,11.515999999999998,1427.7
230,SBUX,2017-01-01,0.4947,0.6914,12.0392,1421.3
231,SBUX,2016-10-02,0.4977,0.6668,10.8572,1416.7
232,SBUX,2016-06-26,0.5456,0.7217,11.3364,1396.7
233,ASML,2019-06-30,0.6323,1.2437,1.6696,4876.9
234,ASML,2019-03-31,0.8801,1.4509,1.7279,5888.7
235,ASML,2018-12-31,1.064,1.6202,1.8498,4584.8
236,ASML,2018-09-30,0.8312,1.5645,1.7401,6002.9
237,ASML,2018-07-01,0.8814,1.3957,1.7396,4956.1
238,ASML,2018-04-01,1.0198,1.6047,1.6472,5063.6
239,ASML,2017-12-31,1.0373,1.605,1.7349,3917.7
240,ASML,2017-10-01,0.9003,1.5063,1.6006,4800.9
241,ASML,2017-07-02,0.8045,1.3288,1.415,4775.1
242,ASML,2017-04-02,1.3339,1.7553,1.3867,4207.4
243,ASML,2016-12-31,1.2366,1.5864,1.3931,3335.271
244,ASML,2016-10-02,1.3181,1.7832,1.3443,4218.8
245,ASML,2016-07-03,0.7866,1.1243,1.275,3971.7
246,GILD,2019-06-30,3.0335,3.4125,5.2932,3663.0
247,GILD,2019-03-31,2.9695,3.3188,5.3943,3604.0
248,GILD,2018-12-31,2.8372,3.151,6.0099,3351.0
249,GILD,2018-09-30,2.814,3.1565,4.6316,3701.0
250,GILD,2018-06-30,2.3751,2.6996,3.9568,3777.0
251,GILD,2018-03-31,2.2491,2.6029,3.7431,3949.0
252,GILD,2017-12-31,2.1925,2.5235,3.6608,3838.0
253,GILD,2017-09-30,2.9579,3.3874,2.753,4570.0
254,GILD,2017-06-30,2.4842,3.0115,2.622,5067.0
255,GILD,2017-03-31,1.7043,2.1914,2.4001,4564.0
256,GILD,2016-12-31,1.2904,1.7801,2.406,4895.0
257,GILD,2016-09-30,1.1077,1.5661,2.1852,5923.0
258,GILD,2016-06-30,0.838,1.3887,2.1446,6492.0
259,BKNG,2019-06-30,1.0725,1.3832,0.0,682.0
260,BKNG,2019-03-31,0.7739,1.0412,0.0,557.0
261,BKNG,2018-12-31,1.7677,2.1961,0.0,389.0
262,BKNG,2018-09-30,1.8144,2.2518,0.0,544.46
263,BKNG,2018-06-30,1.404,1.7324000000000002,0.0,661.546
264,BKNG,2018-03-31,1.5431,1.8872,0.0,689.047
265,BKNG,2017-12-31,2.1161,2.4643,0.0,550.0
266,BKNG,2017-09-30,2.0013,2.398,0.0,632.0219999999998
267,BKNG,2017-06-30,1.6918,2.0194,0.0,632.4019999999998
268,BKNG,2017-03-31,1.6533,1.9409,0.0,526.679
269,BKNG,2016-12-31,1.5042,1.8051,0.0,441.007
270,BKNG,2016-09-30,1.5067,1.8869,0.0,610.479
271,BKNG,2016-06-30,1.9781,2.423,0.0,551.123
272,CHTR,2019-06-30,0.0705,0.2801,0.0,1280.0
273,CHTR,2019-03-31,0.1214,0.2535,0.0,917.0
274,CHTR,2018-12-31,0.0456,0.1888,0.0,975.0
275,CHTR,2018-09-30,0.0516,0.1981,0.0,1132.0
276,CHTR,2018-06-30,0.0551,0.1706,0.0,887.0
277,CHTR,2018-03-31,0.0496,0.1711,0.0,787.0
278,CHTR,2017-12-31,0.056,0.2034,0.0,895.0
279,CHTR,2017-09-30,0.2077,0.3663,0.0,1080.0
280,CHTR,2017-06-30,0.0854,0.2687,0.0,905.0
281,CHTR,2017-03-31,0.3067,0.4444,0.0,789.0
282,CHTR,2016-12-31,0.1604,0.31,0.0,978.0
283,CHTR,2016-09-30,0.1347,0.2784,0.0,764.0
284,CHTR,2016-06-30,0.063,0.2152,0.0,892.0
285,MDLZ,2019-06-30,0.0701,0.1925,5.7761,-402.0
286,MDLZ,2019-03-31,0.087,0.2439,5.9599,-165.0
287,MDLZ,2018-12-31,0.0657,0.2009,6.0539999999999985,-940.0
288,MDLZ,2018-09-30,0.0885,0.2647,5.5753,200.0
289,MDLZ,2018-06-30,0.084,0.2469,5.8528,-149.0
290,MDLZ,2018-03-31,0.0673,0.2526,6.0816,6.0
291,MDLZ,2017-12-31,0.0482,0.2186,6.312,-457.0
292,MDLZ,2017-09-30,0.0526,0.2385,5.6613,623.0
293,MDLZ,2017-06-30,0.0898,0.2437,5.7743,93.0
294,MDLZ,2017-03-31,0.0868,0.2884,5.8858,741.0
295,MDLZ,2016-12-31,0.1208,0.3019,6.221,-238.0
296,MDLZ,2016-09-30,0.1208,0.3371,5.5618,911.0
297,MDLZ,2016-06-30,0.135,0.3502,5.7462,947.0
298,ADP,2019-06-30,0.0601,0.1348,0.0,2313.8
299,ADP,2019-03-31,0.0468,0.1103,0.0,2328.9
300,ADP,2018-12-31,0.0921,0.1791,0.0,2486.8
301,ADP,2018-09-30,0.0513,0.1277,0.0,2084.6
302,ADP,2018-06-30,0.0715,0.1367,0.0,1848.8
303,ADP,2018-03-31,0.0624,0.118,0.0,1937.7
304,ADP,2017-12-31,0.0476,0.1025,0.0,1908.7
305,ADP,2017-09-30,0.0836,0.1468,0.0,1676.1
306,ADP,2017-06-30,0.0933,0.1504,0.0,1553.9
307,ADP,2017-03-31,0.0823,0.132,0.0,1685.0
308,ADP,2016-12-31,0.0821,0.1379,0.0,1702.1
309,ADP,2016-09-30,0.1055,0.1661,0.0,1502.8
310,ADP,2016-06-30,0.0897,0.1383,0.0,1590.5
311,QCOM,2019-06-30,1.3230000000000002,1.4184,5.2436,1223.0
312,QCOM,2019-03-31,0.9822,1.3281,5.5128,3696.0
313,QCOM,2018-12-30,0.9772,1.1979,5.4723,2606.0
314,QCOM,2018-09-30,1.0614,1.3114,5.4952,2716.0
315,QCOM,2018-06-24,2.215,2.4101,5.3055,3304.0
316,QCOM,2018-03-25,3.1257,3.4049,5.1996,3878.0
317,QCOM,2017-12-24,2.9436,3.1975,5.2946,3240.0
318,QCOM,2017-09-24,3.4206,3.7484,5.4536,3640.0
319,QCOM,2017-06-25,2.2769,2.6588000000000003,5.7952,3994.0
320,QCOM,2017-03-26,0.9839,1.3957,5.5677,4954.0
321,QCOM,2016-12-25,1.3525,1.6133,6.1785,2347.0
322,QCOM,2016-09-25,2.5507,2.8542,6.3963,1917.0
323,QCOM,2016-06-26,2.5004,2.7837,6.4779,1705.0
324,INTU,2019-04-30,1.4605,1.5749,0.0,-121.0
325,INTU,2019-01-31,0.6662,0.943,0.0,154.0
326,INTU,2018-10-31,0.8398,0.8884,0.0,-132.0
327,INTU,2018-07-31,0.8109999999999999,0.8573,0.0,-80.0
328,INTU,2018-04-30,0.7162,0.8306,0.0,-16.0
329,INTU,2018-01-31,0.2394,0.4149,0.0,189.0
330,INTU,2017-10-31,0.3670000000000001,0.4218,0.0,-104.0
331,INTU,2017-07-31,0.3997,0.4527,0.0,-54.0
332,INTU,2017-04-30,0.6387,0.737,0.0,-24.0
333,INTU,2017-01-31,0.2273,0.4131,0.0,263.0
334,INTU,2016-10-31,0.2774,0.3329,0.0,-44.0
335,INTU,2016-07-31,0.4798,0.5278,0.0,-76.0
336,CELG,2019-06-30,2.53,3.1951,1.211,2588.0
337,CELG,2019-03-31,1.9446,2.533,1.2106,2429.0
338,CELG,2018-12-31,1.4893,1.9985,1.1752,2106.0
339,CELG,2018-09-30,0.6734,1.249,1.0258,2338.0
340,CELG,2018-06-30,0.3339,0.7923,0.9154,2325.0
341,CELG,2018-03-31,0.905,1.5441,0.9244,2207.0
342,CELG,2017-12-31,4.0315,4.6746,0.8874,2157.0
343,CELG,2017-09-30,2.9042,3.3527,0.8709,2090.0
344,CELG,2017-06-30,3.1296,3.6633,0.8691,1990.0
345,CELG,2017-03-31,3.3705,3.9844,0.9077,1883.0
346,CELG,2016-12-31,2.6935,3.2413,0.9297,1872.0
347,CELG,2016-09-30,2.5925,3.1913,0.9259,1858.8
348,CELG,2016-06-30,3.2228,3.9852,0.9555,1775.5
349,ISRG,2019-06-30,3.3664,4.1508,2.9217,1016.6
350,ISRG,2019-03-31,3.7945,4.5343,3.1134,885.3
351,ISRG,2018-12-31,3.7328,4.5642,3.4454,990.6
352,ISRG,2018-09-30,4.4588,5.2841000000000005,3.5858,854.1
353,ISRG,2018-06-30,4.4005,5.1996,3.7691,761.8
354,ISRG,2018-03-31,4.3312,5.1483,3.9433,662.2
355,ISRG,2017-12-31,2.9581,3.7244,4.4213000000000005,666.6
356,ISRG,2017-09-30,3.4868,4.2469,4.4429,612.8
357,ISRG,2017-06-30,3.04,3.8421,4.5076,621.1
358,ISRG,2017-03-31,2.6241,3.3638,4.4335,552.4
359,ISRG,2016-12-31,4.2826,5.0039,4.6505,544.0
360,ISRG,2016-09-30,4.1948,5.0129,4.2506,554.9
361,ISRG,2016-06-30,4.4613,5.2862,4.3201,508.2
362,TMUS,2019-06-30,0.0839,0.2218,18.5271,-4445.0
363,TMUS,2019-03-31,0.108,0.2392,14.3717,3010.0
364,TMUS,2018-12-31,0.1172,0.2895,13.8521,-2634.0
365,TMUS,2018-09-30,0.0384,0.2311,18.6234,-3890.0
366,TMUS,2018-06-30,0.0232,0.1988,16.3064,2628.0
367,TMUS,2018-03-31,0.2045,0.3412,15.4786,3000.0
368,TMUS,2017-12-31,0.1059,0.2722,13.2297,-2701.0
369,TMUS,2017-09-30,0.0912,0.3052,17.0765,2733.0
370,TMUS,2017-06-30,0.0205,0.2152,13.2242,2927.0
371,TMUS,2017-03-31,0.4907,0.6118,13.6761,2872.0
372,TMUS,2016-12-31,0.6096,0.8198,13.7573,-2156.0
373,TMUS,2016-09-30,0.6592,0.8914,13.3811,2924.0
374,TMUS,2016-06-30,0.6328,0.846,11.5807,3254.0
375,CME,2019-06-30,0.031,0.049,0.0,542.1
376,CME,2019-03-31,0.0315,0.0478,0.0,494.2
377,CME,2018-12-31,0.0351,0.0485,0.0,437.3
378,CME,2018-09-30,0.039,0.0492,0.0,332.4
379,CME,2018-06-30,0.0317,0.0434,0.0,406.1
380,CME,2018-03-31,0.0222,0.0334,0.0,419.1
381,CME,2017-12-31,0.0437,0.0515,0.0,328.4
382,CME,2017-09-30,0.0364,0.0447,0.0,354.2
383,CME,2017-06-30,0.0303,0.0391,0.0,390.9
384,CME,2017-03-31,0.0307,0.0402,0.0,388.2
385,CME,2016-12-31,0.0501,0.0595,0.0,338.2
386,CME,2016-09-30,0.0472,0.0596,0.0,361.2
387,CME,2016-06-30,0.0341,0.0458,0.0,391.4
388,CSX,2019-06-30,0.8432,1.3843,0.0,344.0
389,CSX,2019-03-31,1.0436,1.6179,0.0,328.0
390,CSX,2018-12-31,0.5802,1.1076,0.0,324.0
391,CSX,2018-09-30,0.6574,1.2181,0.0,391.0
392,CSX,2018-06-30,0.81,1.4082,0.0,510.0
393,CSX,2018-03-31,1.0524,1.605,0.0,509.0
394,CSX,2017-12-31,0.2212,0.7334,0.0,495.0
395,CSX,2017-09-30,0.3393,0.812,0.0,468.0
396,CSX,2017-06-30,0.6561,1.2632,0.0,633.0
397,CSX,2017-03-31,0.5345,0.9486,0.0,460.0
398,CSX,2016-12-30,0.5,0.9598,0.0,539.0
399,CSX,2016-09-23,0.3336,0.7424,0.0,463.0
400,CSX,2016-06-24,0.3628,0.7625,0.0,545.0
401,BIDU,2019-03-31,2.471,2.5737,0.0,5875.0
402,BIDU,2018-12-31,2.4495,2.5553,0.0,5675.0
403,BIDU,2018-09-30,1.986,2.0897,0.0,5455.0
404,BIDU,2018-06-30,1.5712000000000002,1.6311,0.0,4863.0
405,BIDU,2018-03-31,1.3243,1.3815,0.0,4764.0
406,BIDU,2017-12-31,1.2243,1.28,0.0,4241.0
407,BIDU,2017-09-30,1.1888,1.2408,0.0,4728.0
408,BIDU,2017-06-30,1.1541,1.2054,0.0,4097.0
409,BIDU,2017-03-31,1.3437,1.3955,0.0,3494.577
410,BIDU,2016-12-31,1.9488,2.0379,0.0,3640.687
411,BIDU,2016-09-30,2.4306,2.5628,0.0,4263.833
412,BIDU,2016-06-30,2.7362,2.8835,0.0,4083.324
413,AMOV,2019-06-30,0.0581,0.2994,16.461,69407.477
414,AMOV,2019-03-31,0.0321,0.277,16.05,70771.443
415,AMOV,2018-12-31,0.1513,0.6142,16.7992,138125.902
416,AMOV,2018-09-30,0.0388,0.3553,17.1314,84865.30900000001
417,AMOV,2018-06-30,0.0474,0.3720000000000001,17.8975,92785.322
418,AMOV,2018-03-31,0.0464,0.3164,18.5782,48014.793
419,AMOV,2017-12-31,0.2018,0.5726,17.3495,85624.67300000001
420,AMOV,2017-09-30,0.0629,0.3812,17.1157,74464.618
421,AMOV,2017-06-30,0.0512,0.3542,19.063,67236.315
422,AMOV,2017-03-31,0.029,0.3372,20.163,70917.402
423,AMOV,2016-12-31,0.1661,0.6039,17.4906,5380.705
424,AMOV,2016-09-30,0.042,0.3199,15.9721,52816.368
425,AMOV,2016-06-30,0.104,0.3965,16.1924,65230.277
426,VOD,2019-06-30,0.0,0.0,0.0,0.0
427,VOD,2019-03-31,0.0,0.0,0.0,0.0
428,VOD,2018-12-31,0.0,0.0,0.0,0.0
429,VOD,2018-09-30,0.0,0.0,0.0,0.0
430,VOD,2018-06-30,0.0,0.0,0.0,0.0
431,VOD,2018-03-31,0.0,0.0,0.0,0.0
432,VOD,2017-12-31,0.0,0.0,0.0,0.0
433,VOD,2017-09-30,0.0,0.0,0.0,0.0
434,VOD,2017-06-30,0.0,0.0,0.0,0.0
435,VOD,2017-03-31,0.0,0.0,0.0,0.0
436,VOD,2016-12-31,0.0,0.0,0.0,0.0
437,VOD,2016-09-30,0.0,0.0,0.0,0.0
438,VOD,2016-06-30,0.0,0.0,0.0,0.0
439,WBA,2019-05-31,0.0335,0.3223,10.72,2983.0
440,WBA,2019-02-28,0.0323,0.3417,10.2757,3668.0
441,WBA,2018-11-30,0.039,0.3237,9.8635,3460.0
442,WBA,2018-08-31,0.0362,0.3396,10.9126,2572.0
443,WBA,2018-05-31,0.0846,0.4179,10.5209,3959.0
444,WBA,2018-02-28,0.0775,0.4003,9.6292,4296.0
445,WBA,2017-11-30,0.0892,0.4235,9.0843,3298.0
446,WBA,2017-08-31,0.17800000000000002,0.53,9.975,2933.0
447,WBA,2017-05-31,0.5643,0.8563,9.9618,3492.0
448,WBA,2017-02-28,0.6687,0.9897,9.5115,3640.0
449,WBA,2016-11-30,0.5414,0.8876,8.7585,4805.0
450,WBA,2016-08-31,0.5764,0.9444,9.9214,4216.0
451,ILMN,2019-06-30,5.1846,5.9526,2.7110000000000003,751.0
452,ILMN,2019-03-31,2.9130000000000003,3.2812,2.7559,732.0
453,ILMN,2018-12-30,1.9468,2.2317,2.8707000000000003,716.0
454,ILMN,2018-09-30,1.9533,2.2029,2.8274,651.0
455,ILMN,2018-07-01,2.0641,2.3887,2.8823,608.0
456,ILMN,2018-04-01,2.011,2.35,2.8968,599.0
457,ILMN,2017-12-31,2.8753,3.4263,2.925,584.0
458,ILMN,2017-10-01,3.0692,3.6451,2.7843,552.0
459,ILMN,2017-07-02,2.7757,3.3211,2.7046,506.0
460,ILMN,2017-04-02,2.466,2.9764,2.6815,525.0
461,ILMN,2017-01-01,2.212,2.7531,2.5638,543.556
462,ILMN,2016-10-02,2.443,3.0498,2.6123,559.784
463,ILMN,2016-07-03,2.451,3.0915,2.5979,433.174
464,VRTX,2019-06-30,3.1378,3.507,3.5992,530.872
465,VRTX,2019-03-31,3.1434,3.5395,3.409,492.733
466,VRTX,2018-12-31,2.8281,3.1937,3.4679,423.061
467,VRTX,2018-09-30,3.079,3.4616,3.3399,411.756
468,VRTX,2018-06-30,2.9847,3.409,3.2122,425.43
469,VRTX,2018-03-31,2.9941,3.3897,3.007,370.578
470,VRTX,2017-12-31,2.5874,2.9359,2.9046,319.1790000000001
471,VRTX,2017-09-30,2.5498,2.9205,2.9596,284.547
472,VRTX,2017-06-30,2.6681,3.0646,2.9304,264.271
473,VRTX,2017-03-31,2.8763,3.3008,2.8481,226.83
474,VRTX,2016-12-31,1.8101,2.0629,3.1223,216.517
475,VRTX,2016-09-30,1.5611000000000002,1.8132,3.5268,203.114
476,VRTX,2016-06-30,1.7202,2.0242,3.5187,204.643
477,MU,2019-05-30,1.2394,1.7671,3.0259,6417.0
478,MU,2019-02-28,1.0234,1.5664,3.3356,6864.0
479,MU,2018-11-29,1.0721,2.0318,3.6219,7237.0
480,MU,2018-08-30,1.1821,2.0608,3.7213,6959.0
481,MU,2018-05-31,1.2019,1.9691,3.8044,7130.0
482,MU,2018-03-01,1.3108,1.971,3.9198,5989.0
483,MU,2017-11-30,1.1059,1.7512,4.0552,5810.0
484,MU,2017-08-31,1.0176,1.6719,3.9541,5280.0
485,MU,2017-06-01,0.8419,1.4618,3.8429,4759.0
486,MU,2017-03-02,0.7486,1.2341,3.9019,4164.0
487,MU,2016-12-01,0.7517,1.1415,3.9931,3635.0
488,MU,2016-09-01,0.9096,1.2747,3.7843,3468.0
489,MU,2016-06-02,1.1069,1.4962,3.7299,3568.0
490,TSLA,2019-06-30,0.5167,0.6364,6.1095,1395.871
491,TSLA,2019-03-31,0.2378,0.3511,5.7609,1634.9679999999996
492,TSLA,2018-12-31,0.3689,0.4638,6.4792,658.0169999999998
493,TSLA,2018-09-30,0.3036,0.4217,5.0076,872.1439999999999
494,TSLA,2018-06-30,0.2446,0.307,4.0677,864.0239999999999
495,TSLA,2018-03-31,0.3082,0.3836,4.371,615.1759999999998
496,TSLA,2017-12-31,0.4388,0.506,4.4037,388.668
497,TSLA,2017-09-30,0.5457,0.6396,4.1885,693.3380000000002
498,TSLA,2017-06-30,0.4638,0.5329999999999999,3.786,532.3340000000002
499,TSLA,2017-03-31,0.6415,0.7120000000000001,3.7104,585.352
500,TSLA,2016-12-31,0.5823,0.6679999999999999,3.2289,706.255
501,TSLA,2016-09-30,0.7555,0.8356,3.1379,325.182
502,TSLA,2016-06-30,0.8619,0.9093,2.5451,673.323
503,BIIB,2019-06-30,0.9194,1.5297,2.3737,2359.2
504,BIIB,2019-03-31,1.2415,1.9049,2.3748,2481.1
505,BIIB,2018-12-31,1.0737,1.6680000000000001,1.9822,2517.9
506,BIIB,2018-09-30,1.3948,2.0302,1.9098,2591.6
507,BIIB,2018-06-30,1.0228,1.6417000000000002,1.8694,2587.0
508,BIIB,2018-03-31,1.8768,2.4921,1.8665,2484.2
509,BIIB,2017-12-31,1.0952,1.6258,1.7119,2294.2
510,BIIB,2017-09-30,1.0174,1.4719,1.4867,2276.0
511,BIIB,2017-06-30,0.856,1.3383,1.5999,2236.4
512,BIIB,2017-03-31,0.9625,1.4642,1.6438,2106.7
513,BIIB,2016-12-31,1.4314,1.8529,1.5606,2163.4
514,BIIB,2016-09-30,1.7266,2.3138,1.485,2203.5
515,BIIB,2016-06-30,1.5089,2.0228,1.4232,2063.5
516,MAR,2019-06-30,0.0505,0.4644,0.0,1401.0
517,MAR,2019-03-31,0.0441,0.4234,0.0,1473.0
518,MAR,2018-12-31,0.0491,0.3805,0.0,1366.0
519,MAR,2018-09-30,0.0616,0.4211,0.0,1416.0
520,MAR,2018-06-30,0.062,0.4302,0.0,1340.0
521,MAR,2018-03-31,0.1084,0.4327,0.0,1332.0
522,MAR,2017-12-31,0.066,0.4057,0.0,1190.0
523,MAR,2017-09-30,0.0906,0.4319,0.0,1181.0
524,MAR,2017-06-30,0.0929,0.4292,0.0,1154.0
525,MAR,2017-03-31,0.1413,0.4767,0.0,1091.0
526,MAR,2016-12-31,0.1667,0.496,0.0,1008.0
527,MAR,2016-09-30,0.2062,0.5322,0.0,1038.0
528,MAR,2016-06-30,0.2093,0.5644,0.0,531.0
529,JD,2019-06-30,0.4093,0.4694,9.7921,-39457.685
530,JD,2019-03-31,0.333,0.4053,11.102,-24817.877
531,JD,2018-12-31,0.3003,0.3922,9.2398,-24844.946
532,JD,2018-09-30,0.3219,0.4512,9.8788,-22566.783
533,JD,2018-06-30,0.3598,0.4887,9.6125,-26906.037
534,JD,2018-03-31,0.4412,0.5914,10.5703,-10000.843
535,JD,2017-12-31,0.2899,0.4282,8.8236,-16278.182
536,JD,2017-09-30,0.3415,0.5075,9.6509,-12978.478
537,JD,2017-06-30,0.3706,0.5513,9.5974,-16537.25
538,JD,2017-03-31,0.4043,0.5672,10.1371,1190.077
539,JD,2016-12-31,0.2111,0.3652,8.9518,-985.452
540,JD,2016-09-30,0.419,0.5855,10.0678,-4109.144
541,JD,2016-06-30,0.534,0.7243,8.9464,-756.5160000000002
542,WDAY,2019-04-30,0.7744,0.9966,0.0,507.697
543,WDAY,2019-01-31,0.7317,1.0216,0.0,675.587
544,WDAY,2018-10-31,0.7696,1.006,0.0,457.265
545,WDAY,2018-07-31,1.5597,1.7987,0.0,424.586
546,WDAY,2018-04-30,1.5322,1.6934,0.0,323.96
547,WDAY,2018-01-31,1.5872000000000002,1.8438,0.0,507.21
548,WDAY,2017-10-31,1.8354,2.0351,0.0,313.472
549,WDAY,2017-07-31,1.2512,1.4723,0.0,330.6090000000001
550,WDAY,2017-04-30,1.6408,1.8718,0.0,269.712
551,WDAY,2017-01-31,1.5536,1.8724,0.0,382.956
552,WDAY,2016-10-31,1.7586,2.0261,0.0,262.73400000000004
553,WDAY,2016-07-31,2.0688,2.3394,0.0,253.349
554,CTSH,2019-06-30,1.0634,2.2624,0.0,3132.0
555,CTSH,2019-03-31,1.3485,2.5901,0.0,3115.0
556,CTSH,2018-12-31,1.6244,2.7973,0.0,3042.0
557,CTSH,2018-09-30,1.7687,2.9521,0.0,2964.0
558,CTSH,2018-06-30,1.6740000000000002,2.9369,0.0,2987.0
559,CTSH,2018-03-31,1.9563,3.2301,0.0,2852.0
560,CTSH,2017-12-31,1.7809,2.7901,0.0,2655.0
561,CTSH,2017-09-30,1.8127,2.9238,0.0,2703.0
562,CTSH,2017-06-30,1.8128,2.9226,0.0,2501.0
563,CTSH,2017-03-31,1.6534,2.6762,0.0,2455.0
564,CTSH,2016-12-31,2.1377,3.1948,0.0,2381.0
565,CTSH,2016-09-30,2.1118,3.195,0.0,2320.6
566,CTSH,2016-06-30,2.1138,3.2588,0.0,2262.9
567,ADI,2019-05-04,0.5228,1.0253,3.4485,1085.82
568,ADI,2019-02-02,0.7128,1.5525,3.4651,1084.389
569,ADI,2018-11-03,0.5807,1.0357,3.5009,965.558
570,ADI,2018-08-04,0.5770000000000001,1.1079,3.7356,1058.71
571,ADI,2018-05-05,0.5629,1.093,3.6507,1097.51
572,ADI,2018-02-03,0.6692,1.2432,4.7663,1046.374
573,ADI,2017-10-28,0.6564,1.088,4.4123,1003.14
574,ADI,2017-07-29,0.8252,1.4541,4.052,984.12
575,ADI,2017-04-29,1.1356,1.2513,2.8219,1087.966
576,ADI,2017-01-28,7.7832,8.3654,3.2139,681.444
577,ADI,2016-10-29,5.1802,5.7903,3.0277,682.725
578,ADI,2016-07-30,5.6041,6.2714,2.9242,684.831
579,REGN,2019-06-30,1.5584,2.992,0.4981,3529.1
580,REGN,2019-03-31,2.1387,3.6639,0.4913,3274.4
581,REGN,2018-12-31,1.9475,3.5023,0.4625,3176.2
582,REGN,2018-09-30,1.5468,3.1012,0.5027,3070.263
583,REGN,2018-06-30,1.2647,2.7966,0.5617,2795.894
584,REGN,2018-03-31,1.2838,2.8196,0.6647,2556.718
585,REGN,2017-12-31,1.2413,2.98,0.7055,2522.2
586,REGN,2017-09-30,1.2111,2.9425,0.7415,2459.091
587,REGN,2017-06-30,1.2321,3.0246,0.7031,2247.495
588,REGN,2017-03-31,0.9991,2.3364,0.7069,2074.323
589,REGN,2016-12-31,0.8366,2.1348,0.9396,1875.992
590,REGN,2016-09-30,1.4653,3.1755,1.2525,1864.995
591,REGN,2016-06-30,1.0984,2.9395,1.6444,1966.323
592,AMAT,2019-07-28,0.9408,1.5678,2.3091,3557.0
593,AMAT,2019-04-28,1.005,1.633,2.4465,5038.0
594,AMAT,2019-01-27,0.9831,1.6303,2.72,5169.0
595,AMAT,2018-10-28,1.0275,1.6198,2.8456,5048.0
596,AMAT,2018-07-29,0.9218,1.5886,2.8705,5469.0
597,AMAT,2018-04-29,1.1686,1.7504,2.9539999999999997,4995.0
598,AMAT,2018-01-28,1.6945,2.1905,3.1213,4266.0
599,AMAT,2017-10-29,1.7682,2.3363,3.2149,4323.0
600,AMAT,2017-07-30,1.6543,2.1709,3.1501,4199.0
601,AMAT,2017-04-30,1.6461,2.2272,3.2235,4061.0
602,AMAT,2017-01-29,1.089,1.7111,3.3071,3783.0
603,AMAT,2016-10-30,1.0322,1.6597,3.2521,3516.0
604,AMAT,2016-07-31,1.1019,1.7267,3.0943,3161.0
605,KHC,2019-06-29,0.1862,0.449,5.5288,970.0
606,KHC,2019-03-30,0.1375,0.3896,5.511,944.0
607,KHC,2018-12-29,0.1506,0.4344,6.3929,643.0
608,KHC,2018-10-01,,,,
609,KHC,2018-09-29,0.1792,0.4458,5.4255,1008.0
610,KHC,2018-06-30,0.3706,0.5851,5.5273,785.0
611,KHC,2018-03-31,0.1737,0.2748,5.4325,-53.0
612,KHC,2017-12-31,,,,
613,KHC,2017-12-30,0.1604,0.2511,6.2612,-681.0
614,KHC,2017-09-30,0.1525,0.2517,5.4901,201.0
615,KHC,2017-07-01,0.1951,0.3264,5.792000000000002,180.0
616,KHC,2017-04-01,0.3363,0.4334,5.7137,172.0
617,KHC,2016-12-31,0.4425,0.5234,6.4708,-543.0
618,KHC,2016-10-02,0.4164,0.5072,5.6571,507.0
619,KHC,2016-07-03,0.4417,0.5578,,1035.0
620,ADSK,2019-04-30,0.4377,0.5585,0.0,170.1
621,ADSK,2019-01-31,0.4144,0.6205,0.0,372.7
622,ADSK,2018-10-31,0.5429999999999999,0.6987,0.0,220.4
623,ADSK,2018-07-31,0.6108,0.7332,0.0,152.2
624,ADSK,2018-04-30,0.6979,0.8095,0.0,103.2
625,ADSK,2018-01-31,0.6232,0.8296,0.0,343.5
626,ADSK,2017-10-31,0.8308,1.0067,0.0,214.5
627,ADSK,2017-07-31,1.0035,1.1596,0.0,172.6
628,ADSK,2017-04-30,0.8837,0.9967,0.0,138.1
629,ADSK,2017-01-31,0.8694,1.0763,0.0,358.8
630,ADSK,2016-10-31,1.2324,1.395,0.0,157.0
631,ADSK,2016-07-31,1.324,1.5208,0.0,196.6
632,ROST,2019-05-04,0.5269,0.5738,5.8803,639.197
633,ROST,2019-02-02,0.7031,0.7512,6.3241,670.049
634,ROST,2018-11-03,0.599,0.6513,5.5817,702.8760000000002
635,ROST,2018-08-04,0.7011,0.7626,6.3392,635.476
636,ROST,2018-05-05,0.6184,0.6704,5.8649,705.7360000000001
637,ROST,2018-02-03,0.6701,0.7157,6.3669,669.7589999999999
638,ROST,2017-10-28,0.5567,0.6068,5.3605,653.6759999999998
639,ROST,2017-07-29,0.6293,0.6858,5.9943,538.845
640,ROST,2017-04-29,0.6421,0.6941,6.0309,517.571
641,ROST,2017-01-28,0.6343,0.6772,6.2577,566.305
642,ROST,2016-10-29,0.4659,0.5143,5.2074,705.9639999999998
643,ROST,2016-07-30,0.5305,0.5859,5.7447,531.512
644,NTES,2019-06-30,1.6371,1.7696,8.7948,5851.928000000001
645,NTES,2019-03-31,1.4299,1.5698,8.681799999999999,6399.222
646,NTES,2018-12-31,1.4231,1.5453,7.3866,6921.505
647,NTES,2018-09-30,1.2811,1.4191,,8285.83
648,NTES,2018-06-30,1.4898,1.6202,11.5049,7231.882
649,NTES,2018-03-31,1.5545,1.714,11.8147,7201.458000000001
650,NTES,2017-12-31,1.8152,1.9676,7.9935,6652.123000000001
651,NTES,2017-09-30,2.0243,2.1865,,1190.645
652,NTES,2017-06-30,2.0377,2.2063,,1505.307
653,NTES,2017-03-31,1.9886,2.171,,2103.763
654,NTES,2016-12-31,1.8973,2.1189,13.7861,4433.24
655,NTES,2016-09-30,2.1488,2.3342,,1899.762
656,NTES,2016-06-30,2.2002,2.3947,,1765.549
657,ATVI,2019-06-30,2.8017,3.0793,57.0976,321.0
658,ATVI,2019-03-31,2.0462,2.305,55.5862,473.0
659,ATVI,2018-12-31,1.5992,1.9909,56.5618,825.0
660,ATVI,2018-09-30,1.3887,1.6579000000000002,18.5672,503.0
661,ATVI,2018-06-30,2.3578,2.5607,58.092,287.0
662,ATVI,2018-03-31,1.7824,1.9296,57.2889,301.0
663,ATVI,2017-12-31,1.2867,1.5373,52.6526,641.0
664,ATVI,2017-09-30,1.4969,1.8686,21.9911,669.0
665,ATVI,2017-06-30,1.8572,2.0612,33.8069,248.0
666,ATVI,2017-03-31,1.4506,1.6042999999999998,32.9536,242.0
667,ATVI,2016-12-31,1.2218,1.4974,27.0508,559.0
668,ATVI,2016-09-30,1.0886,1.2091,11.6856,366.0
669,ATVI,2016-06-30,1.0365,1.2474,18.6161,380.0
670,FISV,2019-06-30,4.1095,4.591,0.0,882.0
671,FISV,2019-03-31,0.2132,0.7057,0.0,946.0
672,FISV,2018-12-31,0.2065,0.7284,0.0,922.0
673,FISV,2018-09-30,0.2901,0.6991,0.0,852.0
674,FISV,2018-06-30,0.2103,0.7734,0.0,837.0
675,FISV,2018-03-31,0.227,0.7487,0.0,797.0
676,FISV,2017-12-31,0.1677,0.6821,0.0,917.0
677,FISV,2017-09-30,0.1757,0.6611,0.0,815.0
678,FISV,2017-06-30,0.1752,0.6702,0.0,760.0
679,FISV,2017-03-31,0.1721,0.6531,0.0,778.0
680,FISV,2016-12-31,0.1648,0.6604,0.0,792.0
681,FISV,2016-09-30,0.1957,0.7319,0.0,757.0
682,FISV,2016-06-30,0.1811,0.7404,0.0,741.0
683,XLNX,2019-06-29,5.7998,6.4153,3.5486,521.3380000000002
684,XLNX,2019-03-30,6.6851,7.3907,3.4668,533.0319999999998
685,XLNX,2018-12-29,3.6413,4.0184,3.4337,530.78
686,XLNX,2018-09-29,3.5217,3.9221,3.5091,509.526
687,XLNX,2018-06-30,3.5691,4.0538,3.2863,598.415
688,XLNX,2018-03-31,3.7805,4.1996,3.2106,519.3240000000002
689,XLNX,2017-12-30,7.6592,8.4128,3.4236,480.409
690,XLNX,2017-09-30,8.4122,9.09,3.5921,413.911
691,XLNX,2017-07-01,8.2931,8.902999999999997,3.5603,377.233
692,XLNX,2017-04-01,3.702,3.9739,3.4923,362.655
693,XLNX,2016-12-31,3.2218,3.5592,3.4746,428.15
694,XLNX,2016-10-01,3.4975,3.7257,3.4081,321.444
695,XLNX,2016-07-02,3.3461,3.5525,3.2603,298.978
696,EBAY,2019-06-30,0.8595,1.0125,0.0,494.0
697,EBAY,2019-03-31,0.9869,1.146,0.0,465.0
698,EBAY,2018-12-31,1.1035,1.2634,0.0,426.0
699,EBAY,2018-09-30,1.2077,1.3977,0.0,536.0
700,EBAY,2018-06-30,1.5364,1.8221,0.0,492.0
701,EBAY,2018-03-31,1.8715,2.1375,0.0,431.0
702,EBAY,2017-12-31,1.6474,1.8429,0.0,366.0
703,EBAY,2017-09-30,1.8903,2.0865,0.0,366.0
704,EBAY,2017-06-30,1.9619,2.0966,0.0,335.0
705,EBAY,2017-03-31,1.5236,1.6571,0.0,296.0
706,EBAY,2016-12-31,1.8583,2.0122,0.0,309.0
707,EBAY,2016-09-30,2.1379,2.3043,0.0,348.0
708,EBAY,2016-06-30,3.6655,3.9501,0.0,324.0
709,ERIC,2019-06-30,0.4499,0.8496,4.4263,50812.0
710,ERIC,2019-03-31,0.3982,0.828,4.6495,54666.0
711,ERIC,2018-12-31,0.4058,0.8826,5.2056,52248.0
712,ERIC,2018-09-30,0.4137,0.8279,4.435,44417.0
713,ERIC,2018-06-30,0.4335,0.9659,4.437,26232.0
714,ERIC,2018-03-31,0.4064,0.9451,4.6294,28041.0
715,ERIC,2017-12-31,0.428,0.9289,5.5087,49085.0
716,ERIC,2017-09-30,0.3689,1.0648,4.7918,70961.0
717,ERIC,2017-06-30,0.353,1.0617,4.6697,73818.0
718,ERIC,2017-03-31,0.4458,1.1031,4.8867,76693.0
719,ERIC,2016-12-31,0.4989,1.0047,5.2034,56757.0
720,ERIC,2016-09-30,0.4972,1.3402,4.6722,85521.0
721,ERIC,2016-06-30,0.5366,1.3176,4.7006,81944.0
722,ALXN,2019-06-30,2.0258,3.1151,0.7776,1618.2
723,ALXN,2019-03-31,1.7537,2.8305,0.7851,1498.5
724,ALXN,2018-12-31,1.332,2.1176,0.8024,1394.8
725,ALXN,2018-09-30,1.4942,2.3801,0.9662,1290.7
726,ALXN,2018-06-30,1.127,1.9444,1.1189,1258.1
727,ALXN,2018-03-31,1.6888999999999998,2.5134,1.1186,1176.1
728,ALXN,2017-12-31,1.5476,2.3103,1.0878,1116.1
729,ALXN,2017-09-30,1.5730000000000002,2.2984,0.9382,1111.0
730,ALXN,2017-06-30,1.6869,2.5164,0.7872,1069.0
731,ALXN,2017-03-31,1.7467,2.5352,0.7757,995.0
732,ALXN,2016-12-31,1.5718,2.3612,0.7751,960.2
733,ALXN,2016-09-30,1.2693,1.9236,0.8272,995.046
734,ALXN,2016-06-30,1.7921,2.7175,0.8191,910.166
735,PAYX,2019-05-31,0.1471,0.2339,0.0,344.6
736,PAYX,2019-02-28,0.1118,0.2371,0.0,747.1
737,PAYX,2018-11-30,0.1762,0.3069,0.0,492.0
738,PAYX,2018-08-31,0.1189,0.2406,0.0,472.6
739,PAYX,2018-05-31,0.0801,0.1508,0.0,300.9
740,PAYX,2018-02-28,0.0911,0.2102,0.0,478.6
741,PAYX,2017-11-30,0.0615,0.1697,0.0,536.8
742,PAYX,2017-08-31,0.0675,0.1662,0.0,464.0
743,PAYX,2017-05-31,0.0684,0.1758,0.0,450.3
744,PAYX,2017-02-28,0.0766,0.1581,0.0,374.0
745,PAYX,2016-11-30,0.0774,0.2172,0.0,480.3
746,PAYX,2016-08-31,0.1272,0.2513,0.0,434.4
747,AMD,2019-06-29,0.6253,1.3642,4.0057,1520.0
748,AMD,2019-03-30,0.6769,1.3804,4.4659,1712.0
749,AMD,2018-12-29,0.5827,1.2051,5.2346,1552.0
750,AMD,2018-09-29,0.5623,1.205,5.2663,1437.0
751,AMD,2018-06-30,0.5262,1.1247,5.1232,1348.0
752,AMD,2018-03-31,0.6158,1.0507,4.7825,997.0
753,AMD,2017-12-31,,,,
754,AMD,2017-12-30,0.7832,1.0833,4.7972,764.0
755,AMD,2017-09-30,0.5525,1.0371,4.3103,1093.0
756,AMD,2017-07-01,0.5825,1.0062,4.5812,964.0
757,AMD,2017-04-01,0.6873,1.0474,4.6935,804.0
758,AMD,2016-12-31,0.9391,1.1701,4.641,622.0
759,AMD,2016-09-24,0.8540000000000001,1.2885,4.167,830.0
760,AMD,2016-06-25,0.6053,1.0297,3.5901,798.0
761,LRCX,2019-06-30,2.2901,2.9038,3.0999,2995.6620000000007
762,LRCX,2019-03-31,2.1888,2.7314,3.4152,2728.328
763,LRCX,2018-12-23,1.6778,2.5402,3.649,3228.207000000001
764,LRCX,2018-09-23,1.2811,1.9348,3.6569,3336.636
765,LRCX,2018-06-24,1.5711,2.2622,3.803,3542.115
766,LRCX,2018-03-25,1.6424,2.1699,3.9213,3144.848
767,LRCX,2017-12-24,1.4571,2.0397,4.087,3364.691
768,LRCX,2017-09-24,2.217,2.7659,4.2682,2387.254
769,LRCX,2017-06-25,2.0478,2.615,4.0006,2441.6710000000007
770,LRCX,2017-03-26,2.1343,2.7278,3.8506,2295.871
771,LRCX,2016-12-25,2.1946,2.7312,3.7309,2000.085
772,LRCX,2016-09-25,2.9017,3.4207,3.5769,1872.155
773,LRCX,2016-06-26,2.8237,3.3457,3.4115,1885.857
774,MNST,2019-06-30,1.7665,2.7419,5.5495,695.067
775,MNST,2019-03-31,1.3979,2.3432,5.4395,629.525
776,MNST,2018-12-31,1.5939,2.3999,5.667999999999998,513.464
777,MNST,2018-09-30,1.785,2.6816,6.0852,581.75
778,MNST,2018-06-30,1.4177,2.3824,5.9112,612.196
779,MNST,2018-03-31,2.0534,3.037,5.9366,567.799
780,MNST,2017-12-31,2.1443,2.9463,5.8957,459.216
781,MNST,2017-09-30,1.8336,2.729,6.1927,518.952
782,MNST,2017-06-30,1.9629,2.9184,6.167000000000002,484.162
783,MNST,2017-03-31,1.6723,2.7548,6.5926,501.75
784,MNST,2016-12-31,1.271,2.2226,6.9627,416.516
785,MNST,2016-09-30,1.2677,2.256,6.6791,462.798
786,MNST,2016-06-30,0.9633,1.8993,6.1919,456.841
787,EA,2019-06-30,3.1436,3.343,,273.0
788,EA,2019-03-31,2.404,2.6790000000000003,,510.0
789,EA,2018-12-31,2.4694,2.855,,736.0
790,EA,2018-09-30,2.7562,3.342,,798.0
791,EA,2018-06-30,3.3955,3.6489,,324.0
792,EA,2018-03-31,2.1401,2.2947,,337.0
793,EA,2017-12-31,1.5719,1.8571,71.2,795.0
794,EA,2017-09-30,1.9168,2.2742,50.44,625.0
795,EA,2017-06-30,2.7439999999999998,2.8803,97.9231,184.0
796,EA,2017-03-31,1.8766,2.0253,,272.0
797,EA,2016-12-31,1.4365,1.6364,34.3377,557.0
798,EA,2016-09-30,1.5932,1.9459,24.1429,567.0
799,EA,2016-06-30,2.077,2.2261,45.3333,228.0
800,NXPI,2019-06-30,1.0158,1.2772,3.5927,1154.0
801,NXPI,2019-03-31,0.672,0.9172,3.5963000000000003,1226.0
802,NXPI,2018-12-31,0.8239,1.0579,3.6231,1072.0
803,NXPI,2018-09-30,0.5406,0.7756,3.7043,1180.0
804,NXPI,2018-07-01,1.6114000000000002,2.0384,3.6685,1044.0
805,NXPI,2018-04-01,1.2585,1.5084,3.843,1058.0
806,NXPI,2017-12-31,1.305,1.6284,3.9481,969.0
807,NXPI,2017-10-01,1.1339,1.4724,3.9847,1068.0
808,NXPI,2017-07-02,0.9735,1.3106,4.0827,1025.0
809,NXPI,2017-04-02,1.0838,1.5598,3.8012,1152.0
810,NXPI,2016-12-31,0.7785,1.203,3.629,1173.0
811,NXPI,2016-10-02,0.6122,1.0636,5.4598,1409.0
812,NXPI,2016-07-03,0.515,0.9336,4.8487,1379.0
813,XEL,2019-06-30,0.0698,0.3417,9.4708,802.0
814,XEL,2019-03-31,0.0212,0.391,10.286,927.0
815,XEL,2018-12-31,0.033,0.3951,8.171,926.0
816,XEL,2018-09-30,0.0555,0.4479,8.1473,845.0
817,XEL,2018-06-30,0.0795,0.428,8.8012,875.0
818,XEL,2018-03-31,0.0281,0.3855,9.1546,938.0
819,XEL,2017-12-31,0.0203,0.4022,7.598,928.0
820,XEL,2017-09-30,0.0502,0.4793,7.5593,1057.455
821,XEL,2017-06-30,0.0166,0.3873,8.7767,936.279
822,XEL,2017-03-31,0.02,0.3804,8.8608,994.268
823,XEL,2016-12-31,0.0262,0.49,7.4007,1065.0
824,XEL,2016-09-30,0.1023,0.4851,6.9736,1020.474
825,XEL,2016-06-30,0.0219,0.3867,8.2464,884.084
826,SIRI,2019-06-30,0.0659,0.2583,153.8792,-457.0
827,SIRI,2019-03-31,0.0193,0.204,135.0335,-460.0
828,SIRI,2018-12-31,0.0194,0.1026,108.9042,-479.895
829,SIRI,2018-09-30,0.0164,0.1037,109.9712,-533.812
830,SIRI,2018-06-30,0.0216,0.1055,117.399,-605.258
831,SIRI,2018-03-31,0.0284,0.1168,124.6629,262.132
832,SIRI,2017-12-31,0.0245,0.1101,103.6429,261.926
833,SIRI,2017-09-30,0.0274,0.1113,82.4135,-489.312
834,SIRI,2017-06-30,0.0162,0.1048,89.4317,253.933
835,SIRI,2017-03-31,0.0895,0.1804,104.4959,251.32
836,SIRI,2016-12-31,0.0802,0.1637,93.4562,243.392
837,SIRI,2016-09-30,0.1972,0.2777,69.8347,261.449
838,SIRI,2016-06-30,0.1877,0.2764,73.3042,251.656
839,TEAM,2019-06-30,0.7355,0.7709,0.0,-76.962
840,TEAM,2019-03-31,3.1429,3.2559,0.0,-84.13
841,TEAM,2018-12-31,3.2068,3.3457,0.0,46.136
842,TEAM,2018-09-30,3.9914,4.1063,0.0,32.543
843,TEAM,2018-06-30,3.8964,4.0002,0.0,29.022
844,TEAM,2018-03-31,1.8398,1.9324,0.0,17.402
845,TEAM,2017-12-31,1.8275,1.9224,0.0,35.273
846,TEAM,2017-09-30,1.7663,1.8541,0.0,14.697
847,TEAM,2017-06-30,1.6824,1.7644,0.0,14.343
848,TEAM,2017-03-31,1.656,1.7431,0.0,-44.9
849,TEAM,2016-12-31,3.0693,3.1758,0.0,27.608
850,TEAM,2016-09-30,3.1802,3.2430000000000003,0.0,5.228
851,TEAM,2016-06-30,3.1421,3.2065,0.0,5.6720000000000015
852,MELI,2019-06-30,2.0062,2.0339,132.2546,-268.578
853,MELI,2019-03-31,2.3588,2.3865,258.0336,-209.24
854,MELI,2018-12-31,0.7733,0.8035,207.4135,-203.542
855,MELI,2018-09-30,1.1072,1.1346,138.9345,-196.463
856,MELI,2018-06-30,0.5729,0.601,137.6819,-190.693
857,MELI,2018-03-31,0.4695,0.4971,292.2198,-195.042
858,MELI,2017-12-31,0.6174,0.6465,272.1479,-168.78099999999995
859,MELI,2017-09-30,0.7734,0.8081,235.7517,-150.684
860,MELI,2017-06-30,0.8712,0.9078,387.2451,-128.656
861,MELI,2017-03-31,0.8885,0.9263,828.4272,-83.978
862,MELI,2016-12-31,0.8454,0.8895,464.2098,-68.607
863,MELI,2016-09-30,0.9503,1.0129,363.9593,-63.496
864,MELI,2016-06-30,0.9363,1.0311,502.5636,-45.023
865,PCAR,2019-06-30,0.5439,0.7585,15.81,3047.8
866,PCAR,2019-03-31,0.5231,0.7545,16.9214,3008.8
867,PCAR,2018-12-31,0.5723,0.7411,18.089,1194.2
868,PCAR,2018-09-30,0.5785,0.8162,16.2027,2900.6
869,PCAR,2018-06-30,0.5249,0.7543,16.6265,2805.4
870,PCAR,2018-03-31,0.5249,0.7421,18.3975,2537.1
871,PCAR,2017-12-31,0.5839,0.7603,19.0539,901.6
872,PCAR,2017-09-30,0.561,0.778,16.1712,2306.8
873,PCAR,2017-06-30,0.5291,0.746,16.2803,2166.3
874,PCAR,2017-03-31,0.5612,0.7776,17.0385,1917.8
875,PCAR,2016-12-31,0.6009,0.7704,17.924,651.4
876,PCAR,2016-09-30,0.5527,0.7505,16.3219,1850.0
877,PCAR,2016-06-30,0.5842,0.7632,16.9176,1895.1
878,CTRP,2019-03-31,0.8116,0.8995,0.0,-4861.0
879,CTRP,2018-12-31,0.8473,0.9297,0.0,-6046.0
880,CTRP,2018-09-30,0.8584,0.9568,0.0,-6802.0
881,CTRP,2018-06-30,0.9997,1.1131,0.0,-4847.0
882,CTRP,2018-03-31,1.0869,1.1964,0.0,-4238.0
883,CTRP,2017-12-31,1.0999,1.2125,0.0,-2710.0
884,CTRP,2017-09-30,1.0813,1.2208,0.0,-2458.9194
885,CTRP,2017-06-30,1.1636,1.3151,0.0,-1762.8063
886,CTRP,2017-03-31,1.0659,1.2177,0.0,-1601.2454
887,CTRP,2016-12-31,1.0744,1.227,0.0,-2653.9728
888,CTRP,2016-09-30,1.1144,1.2467,0.0,-3289.7906
889,CTRP,2016-06-30,0.5248,0.6482,0.0,-3995.9892
890,GOLD,2019-06-30,1.2082,1.4478,3.063,1293.0
891,GOLD,2019-03-31,1.0852,1.2782,2.885,1136.0
892,GOLD,2018-12-31,0.943,1.0917,2.79,999.0
893,GOLD,2018-09-30,1.0955,1.2176,2.5681000000000003,962.0
894,GOLD,2018-06-30,0.9653,1.0551,2.6082,1190.0
895,GOLD,2018-03-31,1.404,1.5059,2.8903,1014.0
896,GOLD,2017-12-31,1.2788,1.4156,2.7749,1070.0
897,GOLD,2017-09-30,1.1651,1.294,2.74,1144.0
898,GOLD,2017-06-30,1.8926,2.0155,2.9783,1047.0
899,GOLD,2017-03-31,0.8664,0.9543,3.2827,858.0
900,GOLD,2016-12-31,1.3134,1.4502,2.9641,1095.0
901,GOLD,2016-09-30,1.3517,1.5891,2.9571,1089.0
902,GOLD,2016-06-30,1.4192,1.7047,2.9621,1072.0
903,ALGN,2019-06-30,0.9137,1.5728,9.3431,539.268
904,ALGN,2019-03-31,0.9101,1.5056,10.6556,485.258
905,ALGN,2018-12-31,1.0625,1.6969,11.8775,430.394
906,ALGN,2018-09-30,0.9789,1.6587,10.9816,426.069
907,ALGN,2018-06-30,1.2576,1.9183,10.448,372.879
908,ALGN,2018-03-31,1.2795,1.9773,11.0154,355.444
909,ALGN,2017-12-31,1.4429,2.0912,12.1208,319.101
910,ALGN,2017-09-30,1.4719,2.1683,10.3035,312.327
911,ALGN,2017-06-30,1.4171,2.1037,10.4128,280.874
912,ALGN,2017-03-31,1.4925,2.2232,9.7316,265.274
913,ALGN,2016-12-31,1.8069,2.5052,11.3563,245.95
914,ALGN,2016-09-30,1.7868,2.501,11.0023,238.229
915,ALGN,2016-06-30,1.9125,2.5569,11.6611,184.725
916,WLTW,2019-06-30,0.0472,0.1556,0.0,1865.0
917,WLTW,2019-03-31,0.0562,0.1608,0.0,1847.0
918,WLTW,2018-12-31,0.0675,0.223,0.0,2379.0
919,WLTW,2018-09-30,0.0599,0.1969,0.0,2132.0
920,WLTW,2018-06-30,0.0556,0.2017,0.0,2394.0
921,WLTW,2018-03-31,0.0604,0.2249,0.0,2600.0
922,WLTW,2017-12-31,0.0698,0.222,0.0,2246.0
923,WLTW,2017-09-30,0.0627,0.2107,0.0,2155.0
924,WLTW,2017-06-30,0.0567,0.2089,0.0,2288.0
925,WLTW,2017-03-31,0.0618,0.22,0.0,2307.0
926,WLTW,2016-12-31,0.0651,0.2206,0.0,1963.0
927,WLTW,2016-09-30,0.0539,0.1977,0.0,2043.0
928,WLTW,2016-06-30,0.0658,0.2175,0.0,2187.0
929,MCHP,2019-06-30,0.1783,0.5575,2.5627,1416.5
930,MCHP,2019-03-31,0.1815,0.5495,4.0712,1359.1
931,MCHP,2018-12-31,0.6776,1.5124,3.8602,1003.8
932,MCHP,2018-09-30,0.2223,0.5396,3.2281,1228.0
933,MCHP,2018-06-30,0.3037,0.6685,2.2757,1567.1
934,MCHP,2018-03-31,1.0888,1.3642,3.4923,887.7
935,MCHP,2017-12-31,1.4529,2.1736,3.4028,869.8
936,MCHP,2017-09-30,1.7906,2.5226,3.4587,811.7660000000002
937,MCHP,2017-06-30,1.6705,2.3806,3.3586,777.949
938,MCHP,2017-03-31,1.8493,2.5181,4.5596,739.2
939,MCHP,2016-12-31,1.0278,1.7569,4.1552,759.551
940,MCHP,2016-09-30,0.848,1.6273,3.5872,744.107
941,MCHP,2016-06-30,1.0497,1.8094,2.9043,816.328
942,VRSN,2019-06-30,1.3105,1.3162,0.0,-2.761
943,VRSN,2019-03-31,1.3312,1.3392,0.0,0.504
944,VRSN,2018-12-31,1.3399,1.3485,0.0,-2.336
945,VRSN,2018-09-30,1.2904,1.2996,0.0,1.425
946,VRSN,2018-06-30,1.2714,1.2784,0.0,-0.534
947,VRSN,2018-03-31,1.5213,1.5213,0.0,
948,VRSN,2017-12-31,1.5474,1.5507,0.0,-15.812
949,VRSN,2017-09-30,1.5407,1.5489000000000002,0.0,-5.634
950,VRSN,2017-06-30,1.1873,1.1935,0.0,-18.493
951,VRSN,2017-03-31,1.1914,1.1968,0.0,-10.884
952,VRSN,2016-12-31,1.1813,1.1899,0.0,-6.404
953,VRSN,2016-09-30,1.1857,1.1963,0.0,-0.261
954,VRSN,2016-06-30,1.2919,1.3021,0.0,-2.575
955,VRSK,2019-06-30,0.1665,0.6472,0.0,442.6
956,VRSK,2019-03-31,0.1696,0.584,0.0,438.6
957,VRSK,2018-12-31,0.1053,0.3273,0.0,294.0
958,VRSK,2018-09-30,0.1243,0.3903,0.0,324.2
959,VRSK,2018-06-30,0.0926,0.3298,0.0,347.8
960,VRSK,2018-03-31,0.0986,0.3708,0.0,424.1
961,VRSK,2017-12-31,0.1092,0.3236,0.0,286.8
962,VRSK,2017-09-30,0.1211,0.3587,0.0,285.8
963,VRSK,2017-06-30,0.1957,0.5571,0.0,266.4
964,VRSK,2017-03-31,0.2359,0.6801,0.0,298.7
965,VRSK,2016-12-31,0.2228,0.5655,0.0,213.0
966,VRSK,2016-09-30,0.3023,0.7155,0.0,229.939
967,VRSK,2016-06-30,0.3247,0.7170000000000001,0.0,241.326
968,LULU,2019-05-05,1.1457,1.1857,3.7422,374.853
969,LULU,2019-02-03,1.761,1.8325,4.0088,345.095
970,LULU,2018-10-28,1.5859,1.6522,3.0899,372.299
971,LULU,2018-07-29,1.7318,1.7842,3.7674,305.684
972,LULU,2018-04-29,3.6155,3.6973,3.8145,379.065
973,LULU,2018-01-28,3.3852,3.4507,3.9822,324.089
974,LULU,2017-10-29,2.7021,2.7905,3.1682,404.06
975,LULU,2017-07-30,3.2155,3.2863,3.9588,313.192
976,LULU,2017-04-30,3.3902,3.4422,3.9032,306.124
977,LULU,2017-01-29,3.0367,3.0747,3.931,282.786
978,LULU,2016-10-30,2.2584,2.3144,3.1361,367.292
979,LULU,2016-07-31,2.7115,2.7631,4.0204,279.18
980,UAL,2019-06-30,0.3386,0.4482,0.0,-1271.0
981,UAL,2019-03-31,0.2652,0.3819,0.0,-918.0
982,UAL,2018-12-31,0.2854,0.3885,0.0,-937.0
983,UAL,2018-09-30,0.3606,0.4887,0.0,-829.0
984,UAL,2018-06-30,0.3598,0.4904,0.0,-863.0
985,UAL,2018-03-31,0.3155,0.4396,0.0,-639.0
986,UAL,2017-12-31,0.2976,0.4026,0.0,-856.0
987,UAL,2017-09-30,0.3307,0.4532,0.0,-628.0
988,UAL,2017-06-30,0.3419,0.4522,0.0,-726.0
989,UAL,2017-03-31,0.3458,0.4587,0.0,-706.0
990,UAL,2016-12-31,0.3604,0.4561,0.0,-963.0
991,UAL,2016-09-30,0.3664,0.4782,0.0,-657.0
992,UAL,2016-06-30,0.3351,0.4388,0.0,-790.0
993,INFO,2019-05-31,0.057,0.5019,0.0,820.4
994,INFO,2019-02-28,0.0638,0.5335,0.0,924.0
995,INFO,2018-11-30,0.0517,0.3934,0.0,729.1
996,INFO,2018-08-31,0.0602,0.3569,0.0,721.0
997,INFO,2018-05-31,0.1018,0.5527,0.0,662.1
998,INFO,2018-02-28,0.1054,0.6476,0.0,752.6
999,INFO,2017-11-30,0.0702,0.434,0.0,640.1
1000,INFO,2017-08-31,0.0836,0.4397,0.0,605.6
1001,INFO,2017-05-31,0.0874,0.4475,0.0,609.7
1002,INFO,2017-02-28,0.0787,0.4186,0.0,616.3
1003,INFO,2016-11-30,0.0983,0.5484,0.0,576.7
1004,INFO,2016-08-31,0.1419,0.5057,0.0,457.3
1005,CTAS,2019-05-31,0.0857,0.8927,12.241,1018.689
1006,CTAS,2019-02-28,0.0813,0.9643,12.0749,1003.275
1007,CTAS,2018-11-30,0.0794,0.8904,12.3499,1014.036
1008,CTAS,2018-08-31,0.1743,1.4086,12.3319,927.951
1009,CTAS,2018-05-31,0.1788,1.2158,12.776,869.8560000000001
1010,CTAS,2018-02-28,0.203,1.0522,12.8061,881.8580000000002
1011,CTAS,2017-11-30,0.2241,0.8856,12.3448,873.404
1012,CTAS,2017-08-31,0.2039,0.9041,11.4605,825.203
1013,CTAS,2017-05-31,0.1693,0.8202,11.1569,837.175
1014,CTAS,2017-02-28,0.156,0.7904,10.5756,743.1039999999998
1015,CTAS,2016-11-30,0.1917,1.003,10.8192,742.938
1016,CTAS,2016-08-31,0.2304,1.0553,11.0336,718.878
1017,FITB,2019-06-30,0.0,0.0,0.0,0.0
1018,FITB,2019-03-31,0.0,0.0,0.0,0.0
1019,FITB,2018-12-31,0.0,0.0,0.0,0.0
1020,FITB,2018-09-30,0.0,0.0,0.0,0.0
1021,FITB,2018-06-30,0.0,0.0,0.0,0.0
1022,FITB,2018-03-31,0.0,0.0,0.0,0.0
1023,FITB,2017-12-31,0.0,0.0,0.0,0.0
1024,FITB,2017-09-30,0.0,0.0,0.0,0.0
1025,FITB,2017-06-30,0.0,0.0,0.0,0.0
1026,FITB,2017-03-31,0.0,0.0,0.0,0.0
1027,FITB,2016-12-31,0.0,0.0,0.0,0.0
1028,FITB,2016-09-30,0.0,0.0,0.0,0.0
1029,FITB,2016-06-30,0.0,0.0,0.0,0.0
1030,CHKP,2019-06-30,1.2444,1.4914,0.0,320.622
1031,CHKP,2019-03-31,1.3514,1.5974,0.0,319.991
1032,CHKP,2018-12-31,1.3153,1.6872,0.0,474.627
1033,CHKP,2018-09-30,1.506,1.7721,0.0,312.688
1034,CHKP,2018-06-30,1.3993,1.6701,0.0,325.56
1035,CHKP,2018-03-31,1.2824,1.5273,0.0,288.469
1036,CHKP,2017-12-31,1.1689,1.5601,0.0,460.001
1037,CHKP,2017-09-30,1.3748,1.6312,0.0,-52.445
1038,CHKP,2017-06-30,1.418,1.7143000000000002,0.0,334.0490000000001
1039,CHKP,2017-03-31,1.3306,1.5836,0.0,-21.591
1040,CHKP,2016-12-31,1.1776,1.588,0.0,458.49
1041,CHKP,2016-09-30,1.2285,1.4829,0.0,-68.90100000000001
1042,CHKP,2016-06-30,1.298,1.5647,0.0,272.567
