,Ticker,Date,GM,EBITMargin,EBITDAMargin,NetMargin
0,AAPL,2019-06-29,0.375904,0.21453699999999998,0.295502,0.18666
1,AAPL,2019-03-30,0.376127,0.231233,0.299219,0.199276
2,AAPL,2018-12-29,0.379919,0.276907,0.303973,0.23680500000000002
3,AAPL,2018-09-29,0.382893,0.25624800000000003,0.30799099999999996,0.224563
4,AAPL,2018-06-30,0.383385,0.236778,0.307642,0.216258
5,AAPL,2018-03-31,0.38310700000000003,0.259974,0.30870200000000003,0.226082
6,AAPL,2017-12-30,0.384085,0.297577,0.310123,0.227255
7,AAPL,2017-09-30,0.379068,0.249529,0.311913,0.20377
8,AAPL,2017-07-01,0.38513,0.237139,0.31411100000000003,0.191971
9,AAPL,2017-04-01,0.389273,0.266504,0.31622900000000004,0.20850300000000002
10,AAPL,2016-12-31,0.385139,0.29813300000000004,0.31978100000000004,0.22834400000000002
11,AAPL,2016-09-24,0.380197,0.251025,0.32706999999999997,0.192393
12,AAPL,2016-06-25,0.380235,0.238562,0.335751,0.18405
13,MSFT,2019-06-30,0.691194,0.367915,0.4477640000000001,0.391108
14,MSFT,2019-03-31,0.6673319999999999,0.338262,0.440746,0.288149
15,MSFT,2018-12-31,0.617412,0.315913,0.435281,0.25930800000000004
16,MSFT,2018-09-30,0.659435,0.34228400000000003,0.430883,0.30339700000000003
17,MSFT,2018-06-30,0.6761839999999999,0.344989,0.425009,0.294931
18,MSFT,2018-03-31,0.6543869999999999,0.309184,0.41208,0.276819
19,MSFT,2017-12-31,0.617401,0.300124,0.404897,-0.217927
20,MSFT,2017-09-30,0.6626460000000001,0.314125,0.401962,0.267993
21,MSFT,2017-06-30,0.669752,0.30002,0.391453,0.315134
22,MSFT,2017-03-31,0.6527660000000001,0.289635,0.377848,0.23634299999999997
23,MSFT,2016-12-31,0.616627,0.306087,0.371901,0.242662
24,MSFT,2016-09-30,0.642284,0.30622900000000003,0.362952,0.258437
25,MSFT,2016-06-30,0.6600920000000001,0.255432,0.35873399999999994,0.222672
26,AMZN,2019-06-30,0.426897,0.04864,0.13814,0.041401
27,AMZN,2019-03-31,0.43182600000000004,0.07403699999999999,0.13361099999999998,0.059648000000000014
28,AMZN,2018-12-31,0.381264,0.052305,0.11920399999999999,0.041819
29,AMZN,2018-09-30,0.41666099999999995,0.065823,0.114674,0.050958
30,AMZN,2018-06-30,0.420792,0.056404,0.101357,0.047914000000000005
31,AMZN,2018-03-31,0.39784899999999995,0.037752999999999995,0.09184,0.031915
32,AMZN,2017-12-31,0.363241,0.035184,0.087622,0.030702
33,AMZN,2017-09-30,0.370222,0.007932999999999999,0.08383900000000001,0.005852
34,AMZN,2017-06-30,0.382137,0.016545999999999998,0.086002,0.00519
35,AMZN,2017-03-31,0.371675,0.02814,0.090087,0.020272
36,AMZN,2016-12-31,0.337967,0.028692,0.090465,0.017124
37,AMZN,2016-09-30,0.350125,0.017577000000000002,0.09071599999999999,0.007703
38,AMZN,2016-06-30,0.3691620000000001,0.042264,0.090826,0.028187000000000007
39,FB,2019-06-30,0.804157,0.273955,0.435324,0.154921
40,FB,2019-03-31,0.8132250000000001,0.220004,0.470712,0.16110600000000005
41,FB,2018-12-31,0.834693,0.46233900000000006,0.523443,0.406882
42,FB,2018-09-30,0.8238509999999999,0.421141,0.547017,0.374226
43,FB,2018-06-30,0.832666,0.443126,0.56488,0.385912
44,FB,2018-03-31,0.83896,0.455374,0.5747639999999999,0.416764
45,FB,2017-12-31,0.8758090000000001,0.566759,0.571348,0.32886200000000004
46,FB,2017-09-30,0.859799,0.495933,0.5536310000000001,0.45546099999999995
47,FB,2017-06-30,0.867289,0.47216,0.5430619999999999,0.417337
48,FB,2017-03-31,0.8557020000000001,0.41421800000000003,0.53503,0.380852
49,FB,2016-12-31,0.881144,0.518334,0.534373,0.404246
50,FB,2016-09-30,0.8592209999999999,0.444587,0.514471,0.373698
51,FB,2016-06-30,0.8575200000000001,0.424798,0.49318599999999996,0.353636
52,INTC,2019-06-29,0.598485,0.279733,0.460376,0.25319600000000003
53,INTC,2019-03-30,0.565905,0.259884,0.459904,0.247432
54,INTC,2018-12-29,0.601758,0.33360100000000004,0.45733100000000004,0.27844800000000003
55,INTC,2018-09-29,0.644993,0.383499,0.451433,0.33387300000000003
56,INTC,2018-06-30,0.614255,0.310871,0.435392,0.29513
57,INTC,2018-03-31,0.605689,0.278227,0.425903,0.277231
58,INTC,2017-12-30,0.63203,0.318712,0.41718599999999995,-0.040286
59,INTC,2017-09-30,0.623196,0.318596,0.403724,0.279646
60,INTC,2017-07-01,0.616135,0.260245,0.39302600000000004,0.190205
61,INTC,2017-04-01,0.6190859999999999,0.24547199999999997,0.358112,0.200324
62,INTC,2016-12-31,0.6171369999999999,0.276414,0.347955,0.21754
63,INTC,2016-10-01,0.632716,0.28279899999999997,0.356535,0.214096
64,INTC,2016-07-02,0.589152,0.09739199999999999,0.366164,0.09827799999999999
65,CSCO,2019-07-27,0.638517,0.27479899999999996,0.310496,0.164284
66,CSCO,2019-04-27,0.63073,0.27110700000000004,0.30834,0.234913
67,CSCO,2019-01-26,0.624538,0.257995,0.305519,0.22674
68,CSCO,2018-10-27,0.623164,0.29108,0.307345,0.271496
69,CSCO,2018-07-28,0.6167860000000001,0.260511,0.293959,0.296092
70,CSCO,2018-04-28,0.622563,0.25146399999999997,0.328246,0.215919
71,CSCO,2018-01-27,0.6307729999999999,0.25851799999999997,0.33246000000000003,-0.7384539999999999
72,CSCO,2017-10-28,0.611981,0.227093,0.330892,0.197264
73,CSCO,2017-07-29,0.6219399999999999,0.250062,0.332611,0.199786
74,CSCO,2017-04-29,0.629648,0.26541,0.33189,0.210637
75,CSCO,2017-01-28,0.628325,0.249827,0.32728,0.202763
76,CSCO,2016-10-29,0.6382770000000001,0.232918,0.332114,0.187986
77,CSCO,2016-10-28,,,,
78,CSCO,2016-07-30,0.631033,0.261355,0.33212200000000003,0.222583
79,CMCSA,2019-06-30,0.692643,0.199419,0.313372,0.116353
80,CMCSA,2019-03-31,0.680964,0.192933,0.316683,0.13228299999999998
81,CMCSA,2018-12-31,0.667744,0.162106,0.314104,0.090175
82,CMCSA,2018-09-30,0.696815,0.21847800000000003,0.32356700000000005,0.130382
83,CMCSA,2018-06-30,0.710145,0.230688,0.324833,0.147964
84,CMCSA,2018-03-31,0.674038,0.203809,0.320292,0.136808
85,CMCSA,2017-12-31,0.6872029999999999,0.18704400000000002,0.325842,0.6794560000000001
86,CMCSA,2017-09-30,0.712585,0.226697,0.330178,0.125326
87,CMCSA,2017-06-30,0.702621,0.214601,0.328675,0.118435
88,CMCSA,2017-03-31,0.705591,0.220625,0.329197,0.124982
89,CMCSA,2016-12-31,0.689084,0.202806,0.32855700000000004,0.109203
90,CMCSA,2016-09-30,0.6715139999999999,0.208265,0.32978900000000005,0.10493
91,CMCSA,2016-06-30,0.714983,0.211013,0.332723,0.10524700000000001
92,PEP,2019-06-15,0.5498810000000001,0.16590699999999994,0.194224,0.123716
93,PEP,2019-03-23,0.5585220000000001,0.155852,0.19851300000000002,0.109671
94,PEP,2018-12-29,0.542307,0.12451300000000001,0.193455,0.351055
95,PEP,2018-09-08,0.543403,0.17251999999999998,0.19563,0.151532
96,PEP,2018-06-16,0.548602,0.188191,0.197724,0.113114
97,PEP,2018-03-24,0.549833,0.143847,0.19688300000000006,0.10691
98,PEP,2017-12-30,0.53503,0.131619,0.200157,-0.036362
99,PEP,2017-09-09,0.5463049999999999,0.18004900000000001,0.19739,0.13202
100,PEP,2017-06-17,0.550668,0.185805,0.196332,0.133991
101,PEP,2017-03-25,0.561291,0.160428,0.198171,0.109387
102,PEP,2016-12-31,0.54102,0.122982,0.193825,0.071791
103,PEP,2016-09-03,0.5455169999999999,0.176015,0.194395,0.12429000000000001
104,PEP,2016-06-11,0.556349,0.19253,0.170878,0.130237
105,NFLX,2019-06-30,0.389481,0.14349,0.113349,0.054975
106,NFLX,2019-03-31,0.365048,0.101545,0.105234,0.076101
107,NFLX,2018-12-31,0.34714500000000004,0.051535,0.106898,0.031989000000000004
108,NFLX,2018-09-30,0.39681900000000003,0.120186,0.11507,0.100725
109,NFLX,2018-06-30,0.413947,0.118296,0.103742,0.098368
110,NFLX,2018-03-31,0.40660300000000005,0.12066900000000001,0.08655800000000001,0.078394
111,NFLX,2017-12-31,0.326081,0.074657,0.077877,0.056461000000000004
112,NFLX,2017-09-30,0.332303,0.069895,0.07481600000000001,0.043416
113,NFLX,2017-06-30,0.31705900000000004,0.045883999999999994,0.069375,0.023551
114,NFLX,2017-03-31,0.37153800000000003,0.097451,0.06783299999999999,0.067594
115,NFLX,2016-12-31,0.332233,0.062131999999999986,0.049523000000000005,0.026941000000000003
116,NFLX,2016-09-30,0.330691,0.0463,0.042143,0.022495
117,NFLX,2016-06-30,0.300259,0.033427,0.041158999999999994,0.019359
118,ADBE,2019-05-31,0.851514,0.273131,0.33340000000000003,0.230513
119,ADBE,2019-03-01,0.847253,0.26714499999999997,0.339964,0.259229
120,ADBE,2018-11-30,0.854233,0.29235500000000003,0.352919,0.27519000000000005
121,ADBE,2018-08-31,0.871025,0.313654,0.38905,0.29082
122,ADBE,2018-06-01,0.8718459999999999,0.318164,0.408752,0.302077
123,ADBE,2018-03-02,0.8754649999999999,0.338024,0.41715,0.280467
124,ADBE,2017-12-01,0.865009,0.32360300000000003,0.408424,0.24995
125,ADBE,2017-09-01,0.8571909999999999,0.296389,0.37096799999999996,0.227894
126,ADBE,2017-06-02,0.864935,0.28444,0.34075000000000005,0.21125800000000006
127,ADBE,2017-03-03,0.858866,0.278893,0.32278100000000004,0.236938
128,ADBE,2016-12-02,0.865361,0.2936300000000001,0.311753,0.248451
129,ADBE,2016-09-02,0.86154,0.252277,0.29677,0.184969
130,ADBE,2016-06-03,0.855525,0.246112,0.287968,0.174499
131,PYPL,2019-06-30,0.0,0.16376300000000002,0.19838499999999998,0.191173
132,PYPL,2019-03-31,0.0,0.12548399999999998,0.190701,0.16157900000000006
133,PYPL,2018-12-31,0.0,0.141505,0.192221,0.138192
134,PYPL,2018-09-30,0.0,0.133044,0.215044,0.11838199999999999
135,PYPL,2018-06-30,0.0,0.148302,0.21741799999999997,0.136375
136,PYPL,2018-03-31,0.0,0.144912,0.220009,0.13867000000000002
137,PYPL,2017-12-31,0.0,0.22516,0.223919,0.165598
138,PYPL,2017-09-30,0.0,0.130596,0.203633,0.11732
139,PYPL,2017-06-30,0.0,0.13711700000000002,0.206395,0.13105899999999998
140,PYPL,2017-03-31,0.0,0.144874,0.207842,0.129076
141,PYPL,2016-12-31,0.0,0.154311,0.21306,0.130829
142,PYPL,2016-09-30,0.0,0.13048400000000002,0.21464899999999998,0.12111
143,PYPL,2016-06-30,0.0,0.14,0.218425,0.121887
144,AVGO,2019-05-05,0.559906,0.17582,0.4288730000000001,0.125249
145,AVGO,2019-02-03,0.554154,0.095871,0.42717,0.081361
146,AVGO,2018-11-04,0.539126,0.30345300000000003,0.442057,0.204813
147,AVGO,2018-08-05,0.517282,0.264468,0.423252,0.236224
148,AVGO,2018-05-06,0.508775,0.239529,0.41352799999999995,0.741524
149,AVGO,2018-02-04,0.49333599999999994,0.177023,0.405174,1.1695140000000002
150,AVGO,2017-10-29,0.491949,0.155863,0.40371999999999997,0.109827
151,AVGO,2017-07-30,0.481515,0.14519400000000002,0.367852,0.107775
152,AVGO,2017-04-30,0.471599,0.113126,0.317525,0.105012
153,AVGO,2017-01-29,0.48345,0.122252,0.226422,0.057742999999999996
154,AVGO,2016-10-30,0.524903,0.09211799999999999,0.198867,-0.152805
155,AVGO,2016-07-31,0.469937,-0.06962,0.211623,-0.078586
156,AMGN,2019-06-30,0.827627,0.45614,0.506069,0.371146
157,AMGN,2019-03-31,0.810149,0.44484399999999996,0.5060629999999999,0.358467
158,AMGN,2018-12-31,0.8240770000000001,0.382343,0.5141279999999999,0.30947
159,AMGN,2018-09-30,0.824356,0.393462,0.515931,0.314871
160,AMGN,2018-06-30,0.830995,0.467404,0.522253,0.37894
161,AMGN,2018-03-31,0.8300320000000001,0.490817,0.523562,0.416097
162,AMGN,2017-12-31,0.8174769999999999,0.3869360000000001,0.5220360000000001,-0.734919
163,AMGN,2017-09-30,0.828512,0.422484,0.5335479999999999,0.3500780000000001
164,AMGN,2017-06-30,0.823752,0.464372,0.5381779999999999,0.370224
165,AMGN,2017-03-31,0.8177160000000001,0.474195,0.527346,0.37902600000000003
166,AMGN,2016-12-31,0.8211229999999999,0.41659700000000005,0.5175500000000001,0.324392
167,AMGN,2016-09-30,0.8232659999999999,0.43486499999999995,0.5066039999999999,0.3471
168,AMGN,2016-06-30,0.8154009999999999,0.418425,0.501112,0.328762
169,NVDA,2019-07-28,0.597518,0.221404,0.26165900000000003,0.214036
170,NVDA,2019-04-28,0.583784,0.16126100000000002,0.297325,0.17747700000000005
171,NVDA,2019-01-27,0.547392,0.13333299999999998,0.34704700000000005,0.257143
172,NVDA,2018-10-28,0.6038979999999999,0.3326,0.388102,0.386671
173,NVDA,2018-07-29,0.632405,0.370477,0.39058699999999996,0.352546
174,NVDA,2018-04-29,0.644839,0.403804,0.378733,0.3879010000000001
175,NVDA,2018-01-28,0.618688,0.368602,0.350937,0.38406
176,NVDA,2017-10-29,0.59522,0.33953000000000005,0.341132,0.317906
177,NVDA,2017-07-30,0.583857,0.30852,0.33617,0.261435
178,NVDA,2017-04-30,0.5937020000000001,0.286009,0.322461,0.261745
179,NVDA,2017-01-29,0.5996319999999999,0.33732199999999996,0.306946,0.301427
180,NVDA,2016-10-30,0.5903189999999999,0.318862,0.267025,0.270459
181,NVDA,2016-07-31,0.578431,0.221989,0.228902,0.182773
182,COST,2019-05-12,0.129735,0.032297,0.041239,0.026079
183,COST,2019-02-17,0.132105,0.033987,0.041471,0.025116
184,COST,2018-11-25,0.126779,0.027061,0.040812,0.021871
185,COST,2018-09-02,0.129247,0.032560000000000006,0.041794000000000005,0.023485
186,COST,2018-05-13,0.13071300000000002,0.032972,0.042526999999999995,0.023176
187,COST,2018-02-18,0.129171,0.030793,0.042842000000000005,0.021246
188,COST,2017-11-26,0.131787,0.029897000000000003,0.042348000000000004,0.02012
189,COST,2017-09-03,0.132459,0.034279000000000004,0.04248,0.021726
190,COST,2017-05-07,0.13478900000000002,0.033541,0.042089,0.024255000000000002
191,COST,2017-02-12,0.128973,0.028354,0.041669,0.017301999999999998
192,COST,2016-11-20,0.135628,0.030215,0.042099,0.019396
193,COST,2016-08-28,0.134327,0.032576999999999995,0.041500999999999996,0.021307
194,TXN,2019-06-30,0.6434019999999999,0.410578,0.484843,0.35578000000000004
195,TXN,2019-03-31,0.629104,0.383695,0.483995,0.3386199999999999
196,TXN,2018-12-31,0.6475650000000001,0.407856,0.485745,0.333333
197,TXN,2018-09-30,0.658061,0.454588,0.486123,0.368458
198,TXN,2018-06-30,0.6519790000000001,0.42618900000000004,0.47996400000000006,0.349764
199,TXN,2018-03-31,0.645817,0.408551,0.474459,0.36051700000000003
200,TXN,2017-12-31,0.650667,0.4168,0.46701400000000004,0.09173300000000001
201,TXN,2017-09-30,0.6452869999999999,0.434402,0.462154,0.31219600000000003
202,TXN,2017-06-30,0.642838,0.400758,0.450578,0.285946
203,TXN,2017-03-31,0.6302180000000001,0.368019,0.440206,0.293063
204,TXN,2016-12-31,0.6259520000000001,0.390158,0.434555,0.306678
205,TXN,2016-09-30,0.6214970000000001,0.383129,0.430126,0.277007
206,TXN,2016-06-30,0.6131989999999999,0.345555,0.423134,0.250229
207,SNY,2019-06-30,0.691871,-0.033073000000000005,0.16084099999999998,-0.009687999999999999
208,SNY,2019-03-31,0.699529,0.161712,0.197248,0.130495
209,SNY,2018-12-31,0.6635209999999999,-0.021445,0.191888,0.027236
210,SNY,2018-09-30,0.6888340000000001,0.27853,0.246915,0.23337399999999997
211,SNY,2018-06-30,0.679283,0.113312,0.225332,0.089848
212,SNY,2018-03-31,0.6868080000000001,0.147797,0.23264899999999997,0.125031
213,SNY,2017-12-31,0.6561629999999999,0.083398,0.24273899999999998,0.014363999999999997
214,SNY,2017-09-30,0.6963600000000001,0.210302,0.231904,0.16613499999999998
215,SNY,2017-06-30,0.677217,0.154121,0.243123,0.11553499999999998
216,SNY,2017-03-31,0.687149,0.191193,0.247548,0.6398560000000001
217,SNY,2016-12-31,0.67789,0.169227,0.237006,0.08608500000000001
218,SNY,2016-09-30,0.701345,0.257235,0.215203,0.18009699999999998
219,SNY,2016-06-30,0.696317,0.17284500000000005,0.205247,0.13938399999999998
220,SBUX,2019-06-30,0.29252500000000003,0.164341,0.206379,0.201202
221,SBUX,2019-03-31,0.277914,0.136015,0.230803,0.105171
222,SBUX,2018-12-30,0.283595,0.153135,0.228848,0.114674
223,SBUX,2018-09-30,0.294657,0.151755,0.234913,0.1199
224,SBUX,2018-07-01,0.305913,0.164525,0.240486,0.135097
225,SBUX,2018-04-01,0.28639899999999996,0.128071,0.217777,0.109437
226,SBUX,2017-12-31,0.302122,0.183759,0.228556,0.370483
227,SBUX,2017-10-01,0.299458,0.17943900000000002,0.232361,0.138375
228,SBUX,2017-07-02,0.315023,0.18443900000000002,0.240986,0.12215799999999999
229,SBUX,2017-04-02,0.29588200000000003,0.176691,0.244284,0.12330899999999999
230,SBUX,2017-01-01,0.313925,0.197561,0.244177,0.131138
231,SBUX,2016-10-02,0.331752,0.214929,0.244048,0.140251
232,SBUX,2016-06-26,0.314681,0.19517,0.239899,0.14396699999999998
233,ASML,2019-06-30,0.430391,0.192492,0.270251,0.185365
234,ASML,2019-03-31,0.416312,0.149971,0.28308900000000004,0.159437
235,ASML,2018-12-31,0.44324600000000003,0.25963400000000003,0.309576,0.25059699999999996
236,ASML,2018-09-30,0.481215,0.294586,0.319826,0.245092
237,ASML,2018-07-01,0.433112,0.251569,0.31326,0.213108
238,ASML,2018-04-01,0.487309,0.28105,0.320794,0.236193
239,ASML,2017-12-31,0.451531,0.292923,0.32185600000000003,0.251133
240,ASML,2017-10-01,0.42882200000000004,0.267876,0.329619,0.227629
241,ASML,2017-07-02,0.450414,0.26449,0.33408899999999997,0.2219
242,ASML,2017-04-02,0.47571499999999994,0.275159,0.32734,0.23261
243,ASML,2016-12-31,0.5037980000000001,0.317301,0.30769,0.306938
244,ASML,2016-10-02,0.459826,0.27311799999999997,0.281606,0.218175
245,ASML,2016-07-03,0.42618999999999996,0.232352,0.27191999999999994,0.20338
246,GILD,2019-06-30,0.8240989999999999,0.42744099999999996,0.444201,0.330695
247,GILD,2019-03-31,0.8187840000000001,0.42359399999999997,0.43687299999999996,0.373982
248,GILD,2018-12-31,0.7290770000000001,0.19741199999999998,0.43517,0.000518
249,GILD,2018-09-30,0.805933,0.468728,0.485391,0.374732
250,GILD,2018-06-30,0.788244,0.403683,0.5148510000000001,0.321707
251,GILD,2018-03-31,0.8032630000000001,0.423153,0.5613199999999999,0.30228
252,GILD,2017-12-31,0.788872,0.38510700000000003,0.590263,-0.6496890000000001
253,GILD,2017-09-30,0.8415229999999999,0.585381,0.6208239999999999,0.417383
254,GILD,2017-06-30,0.8423189999999999,0.595715,0.6199680000000001,0.430332
255,GILD,2017-03-31,0.8528819999999999,0.5790930000000001,0.615718,0.41537299999999994
256,GILD,2016-12-31,0.853142,0.552596,0.618328,0.42459
257,GILD,2016-09-30,0.8494670000000001,0.586533,0.644572,0.444
258,GILD,2016-06-30,0.8888889999999999,0.583591,0.6647310000000001,0.44971700000000003
259,BKNG,2019-06-30,,0.323896,0.388755,0.254286
260,BKNG,2019-03-31,,0.195982,0.391359,0.26965100000000003
261,BKNG,2018-12-31,,0.355742,0.396979,0.201058
262,BKNG,2018-09-30,,0.463301,0.396621,0.364517
263,BKNG,2018-06-30,,0.345208,0.397215,0.27650600000000003
264,BKNG,2018-03-31,,0.24938,0.386205,0.207366
265,BKNG,2017-12-31,0.98573,0.35176599999999997,0.386446,-0.198002
266,BKNG,2017-09-30,0.987781,0.474016,0.383342,0.387997
267,BKNG,2017-06-30,0.977707,0.295336,0.296193,0.238121
268,BKNG,2017-03-31,0.9667680000000001,0.23,0.293451,0.18832
269,BKNG,2016-12-31,0.969311,0.336548,0.299306,0.286961
270,BKNG,2016-09-30,0.9725,0.225773,0.29572600000000004,0.13711099999999998
271,BKNG,2016-06-30,0.9506690000000001,0.286555,0.379297,0.227175
272,CHTR,2019-06-30,0.518111,0.13580699999999998,0.35708199999999995,0.027673000000000003
273,CHTR,2019-03-31,0.508478,0.127164,0.356744,0.022577
274,CHTR,2018-12-31,0.518476,0.128128,0.356121,0.026356
275,CHTR,2018-09-30,0.515975,0.126698,0.360702,0.045263
276,CHTR,2018-06-30,0.5227569999999999,0.125299,0.35845999999999995,0.025152
277,CHTR,2018-03-31,0.516937,0.097776,0.35544499999999996,0.015764
278,CHTR,2017-12-31,0.5279189999999999,0.11356300000000001,0.35338299999999995,0.901056
279,CHTR,2017-09-30,0.517594,0.08691900000000001,0.347021,0.00459
280,CHTR,2017-06-30,0.522738,0.101574,0.34418200000000004,0.013421
281,CHTR,2017-03-31,0.5176109999999999,0.09258200000000001,0.327893,0.01525
282,CHTR,2016-12-31,0.5231140000000001,0.10442799999999999,0.322829,0.044185
283,CHTR,2016-09-30,0.505131,0.090764,0.313701,0.01883
284,CHTR,2016-06-30,0.50138,0.027593,0.302205,0.497809
285,MDLZ,2019-06-30,0.40729099999999996,0.169086,0.183313,0.133124
286,MDLZ,2019-03-31,0.396604,0.15845800000000002,0.157326,0.13979799999999998
287,MDLZ,2018-12-31,0.376347,0.128451,0.158956,0.121512
288,MDLZ,2018-09-30,0.383906,0.11720699999999999,0.15678699999999998,0.189885
289,MDLZ,2018-06-30,0.415576,0.07869799999999999,0.17191800000000002,0.052029
290,MDLZ,2018-03-31,0.421138,0.18093099999999998,0.178458,0.154619
291,MDLZ,2017-12-31,0.38085,0.11915,0.16519899999999998,0.09977000000000001
292,MDLZ,2017-09-30,0.390352,0.17932599999999999,0.15373499999999998,0.15023
293,MDLZ,2017-06-30,0.386569,0.106248,0.13611800000000002,0.083194
294,MDLZ,2017-03-31,0.392579,0.12862500000000002,0.134765,0.098223
295,MDLZ,2016-12-31,0.382422,0.074889,0.130849,0.013737000000000001
296,MDLZ,2016-09-30,0.388993,0.10975599999999999,0.08866,0.08567899999999999
297,MDLZ,2016-06-30,0.39923800000000004,0.101238,0.350389,0.073627
298,ADP,2019-06-30,0.4225,0.17817999999999998,0.242212,0.135908
299,ADP,2019-03-31,0.4511100000000001,0.256069,0.240361,0.195899
300,ADP,2018-12-31,0.425625,0.213069,0.23393000000000003,0.159217
301,ADP,2018-09-30,0.416075,0.201252,0.225804,0.152082
302,ADP,2018-06-30,0.4142690000000001,0.16989300000000002,0.220196,0.042488
303,ADP,2018-03-31,0.43741899999999995,0.23447,0.209731,0.178842
304,ADP,2017-12-31,0.401569,0.17811800000000005,0.210459,0.20702199999999998
305,ADP,2017-09-30,0.39831700000000003,0.178831,0.213515,0.13408299999999998
306,ADP,2017-06-30,0.397285,0.12659900000000002,0.213509,0.08672700000000001
307,ADP,2017-03-31,0.43972100000000003,0.244752,0.21910700000000002,0.17236400000000002
308,ADP,2016-12-31,0.408228,0.19372,0.21893600000000002,0.17102399999999998
309,ADP,2016-09-30,0.402242,0.180191,0.214916,0.12640099999999999
310,ADP,2016-06-30,0.413947,0.148161,0.212465,0.097302
311,QCOM,2019-06-30,0.7805920000000001,0.5518419999999999,0.307181,0.223041
312,QCOM,2019-03-31,0.562625,0.188679,0.160677,0.133079
313,QCOM,2018-12-30,0.548121,0.146634,0.135715,0.22057
314,QCOM,2018-09-30,0.5088750000000001,-0.1127,0.09746,-0.08495599999999999
315,QCOM,2018-06-24,0.5533440000000001,0.161915,0.140476,0.21552800000000005
316,QCOM,2018-03-25,0.5710729999999999,0.076628,0.13505799999999998,0.063218
317,QCOM,2017-12-24,0.5587409999999999,-0.000663,0.14896800000000002,-0.991384
318,QCOM,2017-09-24,0.55072,0.05639300000000001,0.182764,0.028450000000000007
319,QCOM,2017-06-25,0.536772,0.143921,0.242977,0.161236
320,QCOM,2017-03-26,0.559809,0.145335,0.26958699999999997,0.149322
321,QCOM,2016-12-25,0.592765,0.129688,0.293633,0.113686
322,QCOM,2016-09-25,0.589424,0.291721,0.33641800000000005,0.258571
323,QCOM,2016-06-26,0.5807410000000001,0.263402,0.31762,0.238915
324,INTU,2019-04-30,0.891809,0.5452319999999999,0.317793,0.421149
325,INTU,2019-01-31,0.8135819999999999,0.155126,0.308663,0.125832
326,INTU,2018-10-31,0.761811,-0.009843000000000001,0.311591,0.033464999999999995
327,INTU,2018-07-31,0.7661939999999999,-0.081984,0.314197,0.049595
328,INTU,2018-04-30,0.8952610000000001,0.549794,0.333667,0.40728
329,INTU,2018-01-31,0.8185209999999999,0.14488399999999999,0.327415,0.136669
330,INTU,2017-10-31,0.7846150000000001,-0.038462,0.31399499999999997,-0.002198
331,INTU,2017-07-31,0.78266,-0.011876000000000001,0.31504699999999997,0.028504
332,INTU,2017-04-30,0.90673,0.56828,0.311653,0.3793780000000001
333,INTU,2017-01-31,0.800197,0.021654,0.294106,0.012795
334,INTU,2016-10-31,0.7647809999999999,-0.07840599999999999,0.304266,-0.03856
335,INTU,2016-07-31,0.7732100000000001,-0.074271,0.315296,-0.05305
336,CELG,2019-06-30,0.9656819999999999,0.47977299999999995,0.490767,0.3570450000000001
337,CELG,2019-03-31,0.965217,0.424845,0.468037,0.383851
338,CELG,2018-12-31,0.9581370000000001,0.44761000000000006,0.381258,0.265791
339,CELG,2018-09-30,0.9596610000000001,0.431655,0.35058100000000003,0.278006
340,CELG,2018-06-30,0.966964,0.389617,0.319643,0.273991
341,CELG,2018-03-31,0.961843,0.061617,0.31615,0.239118
342,CELG,2017-12-31,0.965834,0.34395600000000004,0.398216,-0.023256
343,CELG,2017-09-30,0.964101,0.330088,0.393144,0.300578
344,CELG,2017-06-30,0.966065,0.40079499999999996,0.347841,0.336594
345,CELG,2017-03-31,0.96185,0.37576,0.32161700000000004,0.314652
346,CELG,2016-12-31,0.962081,0.311745,0.3269360000000001,0.14395999999999998
347,CELG,2016-09-30,0.963893,0.137958,0.336466,0.057463
348,CELG,2016-06-30,0.959736,0.29906,0.323278,0.217188
349,ISRG,2019-06-30,0.6906909999999999,0.32669000000000004,0.34953,0.289653
350,ISRG,2019-03-31,0.687686,0.25901199999999996,0.34100400000000003,0.31477900000000003
351,ISRG,2018-12-31,0.70301,0.317248,0.355029,0.279503
352,ISRG,2018-09-30,0.69747,0.340211,0.367118,0.31762399999999996
353,ISRG,2018-06-30,0.6953699999999999,0.30506999999999995,0.367905,0.280765
354,ISRG,2018-03-31,0.700649,0.32649,0.377756,0.339351
355,ISRG,2017-12-31,0.710762,0.368834,0.37027600000000005,-0.035314
356,ISRG,2017-09-30,0.703268,0.34736300000000003,0.364257,0.36964600000000003
357,ISRG,2017-06-30,0.698603,0.342514,0.370753,0.293885
358,ISRG,2017-03-31,0.691289,0.284579,0.37677,0.266039
359,ISRG,2016-12-31,0.6965250000000001,0.34932,0.38356,0.26952000000000004
360,ISRG,2016-09-30,0.7131350000000001,0.375458,0.388453,0.30897600000000003
361,ISRG,2016-06-30,0.702731,0.366214,0.37699499999999997,0.275332
362,TMUS,2019-06-30,0.607432,0.14035899999999998,0.299754,0.08552699999999999
363,TMUS,2019-03-31,0.588267,0.133213,0.28715100000000005,0.08194900000000001
364,TMUS,2018-12-31,0.5482739999999999,0.099345,0.272339,0.05592
365,TMUS,2018-09-30,0.58963,0.132854,0.272499,0.07334600000000001
366,TMUS,2018-06-30,0.5930380000000001,0.13716799999999998,0.269759,0.073976
367,TMUS,2018-03-31,0.575897,0.122621,0.268494,0.06417999999999999
368,TMUS,2017-12-31,0.531648,0.10335499999999999,0.267757,0.251603
369,TMUS,2017-09-30,0.5796990000000001,0.132049,0.270067,0.054896
370,TMUS,2017-06-30,0.572701,0.138647,0.27184,0.056888
371,TMUS,2017-03-31,0.574118,0.107875,0.264679,0.07261000000000001
372,TMUS,2016-12-31,0.53762,0.097811,0.27455300000000005,0.038107999999999996
373,TMUS,2016-09-30,0.57281,0.11262799999999999,0.28028600000000004,0.039334
374,TMUS,2016-06-30,0.564122,0.08969500000000001,0.264487,0.024227000000000002
375,CME,2019-06-30,0.0,0.548912,0.6419410000000001,0.40370900000000004
376,CME,2019-03-31,0.0,0.534927,0.645342,0.42124399999999995
377,CME,2018-12-31,0.0,0.525554,0.6628069999999999,0.311742
378,CME,2018-09-30,0.0,0.608162,0.680377,0.45543
379,CME,2018-06-30,0.0,0.6293880000000001,0.6863410000000001,0.534258
380,CME,2018-03-31,0.0,0.6680790000000001,0.6948799999999999,0.539946
381,CME,2017-12-31,0.0,0.5965560000000001,0.691168,3.265778
382,CME,2017-09-30,0.0,0.6371800000000001,0.6913279999999999,0.34643
383,CME,2017-06-30,0.0,0.6545529999999999,0.6902590000000001,0.449708
384,CME,2017-03-31,0.0,0.646616,0.682533,0.430216
385,CME,2016-12-31,0.0,0.5917410000000001,0.675345,0.409026
386,CME,2016-09-30,0.0,0.6240939999999999,0.673951,0.56172
387,CME,2016-06-30,0.0,0.62147,0.6703570000000001,0.353155
388,CSX,2019-06-30,0.0,0.426331,0.5210589999999999,0.284221
389,CSX,2019-03-31,0.0,0.40458,0.516671,0.276801
390,CSX,2018-12-31,0.0,0.397391,0.5061220000000001,0.26821500000000004
391,CSX,2018-09-30,0.0,0.413231,0.5070180000000001,0.28571399999999997
392,CSX,2018-06-30,0.0,0.413604,0.486965,0.282721
393,CSX,2018-03-31,0.0,0.3630040000000001,0.46544,0.241655
394,CSX,2017-12-31,0.0,0.39329400000000003,0.44135699999999994,1.446036
395,CSX,2017-09-30,0.0,0.316442,0.425142,0.16733499999999998
396,CSX,2017-06-30,0.0,0.326287,0.423154,0.17388299999999998
397,CSX,2017-03-31,0.0,0.268038,0.420671,0.12617599999999998
398,CSX,2016-12-30,0.0,0.33058899999999997,0.423706,0.150807
399,CSX,2016-09-23,0.0,0.310332,0.410709,0.167897
400,CSX,2016-06-24,0.0,0.310651,0.408803,0.164571
401,BIDU,2019-03-31,0.384861,-0.038801,0.13806600000000002,-0.013556
402,BIDU,2018-12-31,0.425961,0.04089,0.189329,0.076521
403,BIDU,2018-09-30,0.49586899999999995,0.157005,0.23128,0.439528
404,BIDU,2018-06-30,0.537502,0.208763,0.249744,0.246496
405,BIDU,2018-03-31,0.526331,0.218491,0.252786,0.32018
406,BIDU,2017-12-31,0.5140939999999999,0.202666,0.236866,0.176558
407,BIDU,2017-09-30,0.497595,0.200094,0.219396,0.338414
408,BIDU,2017-06-30,0.493054,0.20168599999999998,0.20533600000000002,0.21150700000000003
409,BIDU,2017-03-31,0.453355,0.11874200000000001,0.193793,0.105186
410,BIDU,2016-12-31,0.466211,0.11998,0.198897,0.22673000000000001
411,BIDU,2016-09-30,0.492878,0.15267999999999998,0.211668,0.169965
412,BIDU,2016-06-30,0.521573,0.156945,0.202251,0.132165
413,AMOV,2019-06-30,0.370846,0.147017,0.296042,0.056242999999999994
414,AMOV,2019-03-31,0.372396,0.14404999999999998,0.28968000000000005,0.07915
415,AMOV,2018-12-31,0.36126,0.140047,0.284551,0.052587
416,AMOV,2018-09-30,0.35714100000000004,0.143897,0.281637,0.076414
417,AMOV,2018-06-30,0.36425,0.133385,0.258735,0.00318
418,AMOV,2018-03-31,0.35707700000000003,0.120672,0.256434,0.074014
419,AMOV,2017-12-31,0.344396,0.108241,0.253276,-0.042807000000000005
420,AMOV,2017-09-30,0.356995,0.041188,0.24952800000000003,-0.039098
421,AMOV,2017-06-30,0.368711,0.124934,0.26755500000000004,0.057385000000000005
422,AMOV,2017-03-31,0.36005000000000004,0.114944,0.26353499999999996,0.135733
423,AMOV,2016-12-31,0.334942,0.095614,0.26464299999999996,-0.022175
424,AMOV,2016-09-30,0.357363,0.12037,0.271493,0.008503
425,AMOV,2016-06-30,0.34958500000000003,0.11036900000000001,0.278273,0.032994
426,VOD,2019-06-30,0.0,0.0,0.0,0.0
427,VOD,2019-03-31,0.0,0.0,0.0,0.0
428,VOD,2018-12-31,0.0,0.0,0.0,0.0
429,VOD,2018-09-30,0.0,0.0,0.0,0.0
430,VOD,2018-06-30,0.0,0.0,0.0,0.0
431,VOD,2018-03-31,0.0,0.0,0.0,0.0
432,VOD,2017-12-31,0.0,0.0,0.0,0.0
433,VOD,2017-09-30,0.0,0.0,0.0,0.0
434,VOD,2017-06-30,0.0,0.0,0.0,0.0
435,VOD,2017-03-31,0.0,0.0,0.0,0.0
436,VOD,2016-12-31,0.0,0.0,0.0,0.0
437,VOD,2016-09-30,0.0,0.0,0.0,0.0
438,VOD,2016-06-30,0.0,0.0,0.0,0.0
439,WBA,2019-05-31,0.215461,0.035239999999999994,0.05530499999999999,0.029632
440,WBA,2019-02-28,0.2246,0.043935,0.057217,0.03348
441,WBA,2018-11-30,0.22611199999999998,0.040275,0.059343000000000014,0.033232
442,WBA,2018-08-31,0.226512,0.043717,0.06069,0.045212999999999996
443,WBA,2018-05-31,0.226598,0.044999,0.059129000000000015,0.039087
444,WBA,2018-02-28,0.245177,0.053754,0.060002999999999994,0.040853
445,WBA,2017-11-30,0.23880900000000002,0.046552,0.058728,0.026708
446,WBA,2017-08-31,0.243457,0.037215,0.059858,0.026601
447,WBA,2017-05-31,0.23723400000000006,0.047580000000000004,0.060814000000000014,0.038582
448,WBA,2017-02-28,0.256775,0.048801,0.062266999999999996,0.035998
449,WBA,2016-11-30,0.249675,0.050174,0.065751,0.036981
450,WBA,2016-08-31,0.24986,0.038623000000000005,0.06546199999999999,0.035969
451,ILMN,2019-06-30,0.683771,0.24463,0.315805,0.35322200000000004
452,ILMN,2019-03-31,0.690307,0.241135,0.31654899999999997,0.275414
453,ILMN,2018-12-30,0.6805070000000001,0.22722,0.318727,0.242215
454,ILMN,2018-09-30,0.6998829999999999,0.282532,0.334258,0.233294
455,ILMN,2018-07-01,0.692771,0.273494,0.328608,0.251807
456,ILMN,2018-04-01,0.68798,0.278772,0.316417,0.26598499999999997
457,ILMN,2017-12-31,0.696658,0.29563,0.27689,0.087404
458,ILMN,2017-10-01,0.6750700000000001,0.25350100000000003,0.259902,0.228291
459,ILMN,2017-07-02,0.655589,0.216012,0.26103200000000004,0.193353
460,ILMN,2017-04-02,0.6153850000000001,0.086957,0.273895,0.613712
461,ILMN,2017-01-01,0.6772279999999999,0.23091399999999998,0.30354899999999996,0.199827
462,ILMN,2016-10-02,0.701812,0.265239,0.30531400000000003,0.21252100000000002
463,ILMN,2016-07-03,0.706667,0.27,0.302703,0.2
464,VRTX,2019-06-30,0.855794,0.28679699999999997,0.28227800000000003,0.284106
465,VRTX,2019-03-31,0.8892260000000001,0.322457,0.265656,0.312931
466,VRTX,2018-12-31,0.859455,0.146789,0.232173,1.7819980000000002
467,VRTX,2018-09-30,0.85819,0.262129,0.248554,0.164105
468,VRTX,2018-06-30,0.861223,0.229843,0.063876,0.275687
469,VRTX,2018-03-31,0.8882439999999999,0.201157,0.018300999999999998,0.32812600000000003
470,VRTX,2017-12-31,0.8710129999999999,0.192956,0.074193,0.15450999999999998
471,VRTX,2017-09-30,0.8739560000000001,-0.5639270000000001,0.042497,-0.178067
472,VRTX,2017-06-30,0.8691409999999999,0.09686399999999999,0.189656,0.033073000000000005
473,VRTX,2017-03-31,0.934257,0.378949,0.175817,0.34664900000000004
474,VRTX,2016-12-31,0.8681459999999999,0.08641700000000001,0.041908,0.071822
475,VRTX,2016-09-30,0.8693110000000001,-0.045258,-0.013069999999999998,-0.093868
476,VRTX,2016-06-30,0.8951549999999999,0.007769000000000002,-0.045853000000000005,-0.149499
477,MU,2019-05-30,0.381788,0.210944,0.6078,0.175439
478,MU,2019-02-28,0.490831,0.33539,0.6407200000000001,0.277464
479,MU,2018-11-29,0.583217,0.475041,0.655852,0.41615100000000005
480,MU,2018-08-30,0.610308,0.518602,0.649962,0.512441
481,MU,2018-05-31,0.605746,0.5069899999999999,0.62868,0.490317
482,MU,2018-03-01,0.580873,0.48524,0.597765,0.450143
483,MU,2017-11-30,0.550786,0.4552399999999999,0.552192,0.39365
484,MU,2017-08-31,0.5070060000000001,0.407625,0.478742,0.3857930000000001
485,MU,2017-06-01,0.468739,0.352677,0.393253,0.295904
486,MU,2017-03-02,0.366609,0.224613,0.311342,0.192341
487,MU,2016-12-01,0.25466,0.090428,0.25416700000000003,0.04534
488,MU,2016-09-01,0.179981,-0.009947,0.253891,-0.052844
489,MU,2016-06-02,0.171843,-0.009317,0.281881,-0.074189
490,TSLA,2019-06-30,0.145054,-0.026373,0.097333,-0.06430799999999999
491,TSLA,2019-03-31,0.124573,-0.114904,0.078528,-0.154605
492,TSLA,2018-12-31,0.199685,0.05723,0.070498,0.019303
493,TSLA,2018-09-30,0.22326700000000002,0.06106900000000001,0.027059000000000003,0.045647
494,TSLA,2018-06-30,0.154646,-0.15526099999999998,-0.042405,-0.179285
495,TSLA,2018-03-31,0.133928,-0.17512999999999998,-0.023725,-0.208156
496,TSLA,2017-12-31,0.133441,-0.181903,0.000333,-0.205383
497,TSLA,2017-09-30,0.150482,-0.17941,0.017916,-0.207519
498,TSLA,2017-06-30,0.238968,-0.086364,0.06888899999999999,-0.120592
499,TSLA,2017-03-31,0.24773000000000006,-0.09552000000000001,0.057382,-0.122494
500,TSLA,2016-12-31,0.190524,-0.11673599999999999,0.039965,-0.053110000000000004
501,TSLA,2016-09-30,0.27703000000000005,0.037252,0.017353999999999998,0.009519
502,TSLA,2016-06-30,0.216356,-0.187431,-0.073656,-0.230854
503,BIIB,2019-06-30,0.8683049999999999,0.540797,0.5349710000000001,0.41311099999999995
504,BIIB,2019-03-31,0.8274969999999999,0.430598,0.494179,0.40369099999999997
505,BIIB,2018-12-31,0.8614700000000001,0.40923899999999996,0.5132869999999999,0.268497
506,BIIB,2018-09-30,0.8660080000000001,0.49363199999999996,0.514418,0.42000600000000005
507,BIIB,2018-06-30,0.8745719999999999,0.361448,0.503861,0.258186
508,BIIB,2018-03-31,0.8575579999999999,0.490147,0.5149,0.374597
509,BIIB,2017-12-31,0.846024,0.443363,0.5147430000000001,-0.08993000000000001
510,BIIB,2017-09-30,0.8797839999999999,0.5373640000000001,0.481996,0.39836900000000003
511,BIIB,2017-06-30,0.8810420000000001,0.390138,0.477037,0.280275
512,BIIB,2017-03-31,0.863166,0.364571,0.5065339999999999,0.265984
513,BIIB,2016-12-31,0.8682099999999999,0.30856500000000003,0.509494,0.226045
514,BIIB,2016-09-30,0.8589549999999999,0.482204,0.5338080000000001,0.34944899999999995
515,BIIB,2016-06-30,0.8720540000000001,0.50463,0.5349499999999999,0.362725
516,MAR,2019-06-30,0.163431,0.077097,0.11106300000000001,0.043732
517,MAR,2019-03-31,0.158619,0.101756,0.128667,0.07482
518,MAR,2018-12-31,0.154472,0.079788,0.126421,0.059936
519,MAR,2018-09-30,0.16934000000000002,0.112894,0.126412,0.095663
520,MAR,2018-06-30,0.205398,0.151229,0.13683900000000002,0.123313
521,MAR,2018-03-31,0.17268899999999998,0.10580999999999999,0.135189,0.083849
522,MAR,2017-12-31,0.15349500000000002,0.080747,0.136075,0.02171
523,MAR,2017-09-30,0.21209099999999997,0.155573,0.13564400000000001,0.09551
524,MAR,2017-06-30,0.205335,0.142775,0.11034300000000001,0.09383999999999999
525,MAR,2017-03-31,0.175081,0.11115599999999999,0.095871,0.075529
526,MAR,2016-12-31,0.16165700000000002,0.08082800000000001,0.089972,0.044721
527,MAR,2016-09-30,0.15119200000000002,0.043379,0.089153,0.017757000000000002
528,MAR,2016-06-30,0.150436,0.099692,0.10222000000000002,0.063301
529,JD,2019-06-30,0.147225,0.015082,0.015738000000000002,0.004118
530,JD,2019-03-31,0.150178,0.010122,0.009608,0.060448
531,JD,2018-12-31,0.14219,-0.006963,0.006364999999999999,-0.035635
532,JD,2018-09-30,0.153763,-0.006211,0.0046170000000000004,0.028641000000000003
533,JD,2018-06-30,0.13503800000000002,-0.008454999999999999,0.0066489999999999995,-0.018092
534,JD,2018-03-31,0.141402,4.400000000000001e-05,0.008032000000000001,0.01523
535,JD,2017-12-31,0.130349,-0.014488999999999998,0.009728,-0.008253
536,JD,2017-09-30,0.155025,0.005999,0.015493,0.012111
537,JD,2017-06-30,0.135703,-0.004324000000000001,0.011609,-0.005326
538,JD,2017-03-31,0.143907,0.008792,0.011217,0.003972
539,JD,2016-12-31,0.136512,-0.004262,0.005563,-0.021698
540,JD,2016-09-30,0.158875,-0.006853000000000001,-0.014672999999999999,-0.015176
541,JD,2016-06-30,0.149763,-0.005489999999999999,-0.016040000000000002,-0.003868
542,WDAY,2019-04-30,0.705209,-0.14954900000000002,-0.06621,-0.14093
543,WDAY,2019-01-31,0.7036020000000001,-0.152522,-0.068718,-0.132332
544,WDAY,2018-10-31,0.69994,-0.245906,-0.070438,-0.206315
545,WDAY,2018-07-31,0.701914,-0.132469,-0.044410000000000005,-0.128262
546,WDAY,2018-04-30,0.71232,-0.115194,-0.04897,-0.120279
547,WDAY,2018-01-31,0.7065100000000001,-0.13963599999999998,-0.050716,-0.15296700000000002
548,WDAY,2017-10-31,0.7055130000000001,-0.144149,-0.060599,-0.154029
549,WDAY,2017-07-31,0.6988600000000001,-0.155389,-0.083178,-0.157108
550,WDAY,2017-04-30,0.7151029999999999,-0.12545299999999998,-0.099656,-0.133464
551,WDAY,2017-01-31,0.7038540000000001,-0.202325,-0.121857,-0.200801
552,WDAY,2016-10-31,0.69316,-0.25616999999999995,-0.13062100000000001,-0.266283
553,WDAY,2016-07-31,0.6845979999999999,-0.23199099999999998,-0.125249,-0.288535
554,CTSH,2019-06-30,0.365129,0.149481,0.19729000000000002,0.12291700000000001
555,CTSH,2019-03-31,0.373479,0.131144,0.19751300000000002,0.107299
556,CTSH,2018-12-31,0.384839,0.167837,0.20458900000000002,0.15693900000000002
557,CTSH,2018-09-30,0.391859,0.18268800000000002,0.205637,0.116969
558,CTSH,2018-06-30,0.396655,0.167249,0.202682,0.113829
559,CTSH,2018-03-31,0.386247,0.177147,0.201634,0.132924
560,CTSH,2017-12-31,0.3834900000000001,0.17163,0.197434,-0.0047020000000000005
561,CTSH,2017-09-30,0.379448,0.17206600000000002,0.19433699999999998,0.131439
562,CTSH,2017-06-30,0.383924,0.165123,0.192838,0.12806499999999998
563,CTSH,2017-03-31,0.381275,0.160745,0.195214,0.157078
564,CTSH,2016-12-31,0.399769,0.162045,0.19782,0.120162
565,CTSH,2016-09-30,0.398494,0.16883900000000002,0.199653,0.128584
566,CTSH,2016-06-30,0.395252,0.175371,0.199523,0.074777
567,ADI,2019-05-04,0.6773819999999999,0.307674,0.439468,0.241017
568,ADI,2019-02-02,0.674619,0.295779,0.441829,0.230359
569,ADI,2018-11-03,0.684995,0.32154400000000005,0.43746499999999994,0.27118200000000003
570,ADI,2018-08-04,0.680778,0.317318,0.42907700000000004,0.26354
571,ADI,2018-05-05,0.68589,0.32142800000000005,0.389427,0.256046
572,ADI,2018-02-03,0.683964,0.28199,0.344276,0.18715
573,ADI,2017-10-28,0.6527670000000001,0.290825,0.320938,0.225575
574,ADI,2017-07-29,0.5346420000000001,0.13586800000000002,0.30895100000000003,0.048062000000000014
575,ADI,2017-04-29,0.557886,0.12703599999999998,0.33352200000000004,0.08150299999999999
576,ADI,2017-01-28,0.6587479999999999,0.270474,0.360765,0.220559
577,ADI,2016-10-29,0.66428,0.355692,0.361811,0.295088
578,ADI,2016-07-30,0.6581140000000001,0.309004,0.290557,0.264987
579,REGN,2019-06-30,0.921136,0.16320999999999994,0.32085,0.09986
580,REGN,2019-03-31,0.895315,0.280407,0.37766,0.269366
581,REGN,2018-12-31,0.939205,0.372497,0.39975,0.425563
582,REGN,2018-09-30,0.933652,0.376871,0.391982,0.35747300000000004
583,REGN,2018-06-30,0.942998,0.386928,0.391838,0.342913
584,REGN,2018-03-31,0.923983,0.375281,0.389141,0.316232
585,REGN,2017-12-31,0.9332030000000001,0.340495,0.378919,0.109644
586,REGN,2017-09-30,0.930543,0.373117,0.367539,0.258762
587,REGN,2017-06-30,0.929991,0.374332,0.347697,0.263751
588,REGN,2017-03-31,0.936188,0.32641800000000004,0.311692,0.188728
589,REGN,2016-12-31,0.93912,0.282819,0.295325,0.20630300000000001
590,REGN,2016-09-30,0.963751,0.297349,0.277613,0.217031
591,REGN,2016-06-30,0.943072,0.240492,0.287382,0.16181199999999998
592,AMAT,2019-07-28,0.43711400000000006,0.225154,0.261838,0.160303
593,AMAT,2019-04-28,0.43232600000000004,0.219271,0.276975,0.18818900000000002
594,AMAT,2019-01-27,0.44364499999999996,0.24194,0.291364,0.205436
595,AMAT,2018-10-28,0.44344799999999995,0.253114,0.303313,0.218236
596,AMAT,2018-07-29,0.453671,0.28133400000000003,0.307996,0.262534
597,AMAT,2018-04-29,0.449006,0.282158,0.306844,0.240227
598,AMAT,2018-01-28,0.46135600000000004,0.28894200000000003,0.304255,0.039238999999999996
599,AMAT,2017-10-29,0.45023900000000006,0.276644,0.294077,0.24741700000000005
600,AMAT,2017-07-30,0.4540600000000001,0.273237,0.28481799999999996,0.24706199999999998
601,AMAT,2017-04-30,0.45121300000000003,0.26508699999999996,0.271751,0.232375
602,AMAT,2017-01-29,0.44081800000000004,0.246187,0.252828,0.21446
603,AMAT,2016-10-30,0.424325,0.235669,0.23473400000000005,0.18501700000000001
604,AMAT,2016-07-31,0.422545,0.211273,0.220594,0.17901499999999998
605,KHC,2019-06-29,0.325008,0.11458,-0.415851,0.070091
606,KHC,2019-03-30,0.337473,0.094311,-0.3897310000000001,0.067964
607,KHC,2018-12-29,0.321579,-2.051371,-0.351074,-1.8238279999999998
608,KHC,2018-10-01,,,,
609,KHC,2018-09-29,0.328059,0.16825900000000002,0.243878,0.096976
610,KHC,2018-06-30,0.35082199999999997,0.20284,0.26166,0.112706
611,KHC,2018-03-31,0.359137,0.23794400000000002,0.273812,0.159105
612,KHC,2017-12-31,,,,
613,KHC,2017-12-30,0.334308,0.22058200000000003,0.271821,1.167812
614,KHC,2017-09-30,0.34336700000000003,0.237458,0.26713000000000003,0.145405
615,KHC,2017-07-01,0.362828,0.247061,0.256556,0.174254
616,KHC,2017-04-01,0.345302,0.224296,0.25879,0.13967100000000002
617,KHC,2016-12-31,0.302699,0.155772,0.263802,0.136132
618,KHC,2016-10-02,0.353917,0.225467,,0.134355
619,KHC,2016-07-03,0.372589,0.24083600000000002,,0.13985
620,ADSK,2019-04-30,0.887559,0.033719,0.065273,-0.032902999999999995
621,ADSK,2019-01-31,0.8955649999999999,0.054659000000000006,0.027317,0.087753
622,ADSK,2018-10-31,0.8906040000000001,0.022241999999999998,-0.063068,-0.03586
623,ADSK,2018-07-31,0.885892,-0.040379000000000005,-0.11782000000000001,-0.064411
624,ADSK,2018-04-30,0.8806930000000001,-0.098768,-0.159893,-0.147169
625,ADSK,2018-01-31,0.8680030000000001,-0.328458,-0.194836,-0.31329
626,ADSK,2017-10-31,0.8496020000000001,-0.194062,-0.190805,-0.23248600000000003
627,ADSK,2017-07-31,0.8513350000000001,-0.214428,-0.162687,-0.286967
628,ADSK,2017-04-30,0.838995,-0.246243,-0.115473,-0.266831
629,ADSK,2017-01-31,0.826859,-0.348997,-0.124372,-0.362155
630,ADSK,2016-10-31,0.8335380000000001,-0.244894,0.007226000000000001,-0.291667
631,ADSK,2016-07-31,0.8454689999999999,-0.114218,0.022591,-0.178319
632,ROST,2019-05-04,0.288406,0.141368,0.166167,0.110925
633,ROST,2019-02-02,0.272106,0.131878,0.158245,0.10753599999999999
634,ROST,2018-11-03,0.28236300000000003,0.124155,0.16214000000000006,0.095252
635,ROST,2018-08-04,0.286507,0.138141,0.164187,0.104176
636,ROST,2018-05-05,0.297162,0.151027,0.166878,0.11655
637,ROST,2018-02-03,0.281534,0.145513,0.167075,0.11080799999999999
638,ROST,2017-10-28,0.288308,0.132912,0.181412,0.082444
639,ROST,2017-07-29,0.294516,0.149314,0.191888,0.092242
640,ROST,2017-04-29,0.295323,0.15171800000000002,0.191502,0.097089
641,ROST,2017-01-28,0.27651,0.13583199999999998,0.192583,0.085628
642,ROST,2016-10-29,0.285288,0.126486,0.173275,0.079226
643,ROST,2016-07-30,0.292077,0.144474,0.160895,0.08862400000000002
644,NTES,2019-06-30,0.432936,0.185743,0.188908,0.16364
645,NTES,2019-03-31,0.44077700000000003,0.18573199999999998,0.17796299999999998,0.129772
646,NTES,2018-12-31,0.385877,0.11313699999999999,0.152251,0.08555099999999999
647,NTES,2018-09-30,0.447773,0.125022,0.14193699999999998,0.094706
648,NTES,2018-06-30,0.444925,0.143307,0.154068,0.12936199999999998
649,NTES,2018-03-31,0.42006499999999997,0.08515800000000001,0.175036,0.053051999999999995
650,NTES,2017-12-31,0.393261,0.097676,0.23946599999999998,0.08801
651,NTES,2017-09-30,0.476653,0.204338,0.294957,0.20255599999999999
652,NTES,2017-06-30,0.503653,0.254587,0.31853400000000004,0.222196
653,NTES,2017-03-31,0.5486300000000001,0.349835,0.34034699999999996,0.287581
654,NTES,2016-12-31,0.534199,0.31958600000000004,0.33936,0.304413
655,NTES,2016-09-30,0.5790029999999999,0.30902199999999996,0.337395,0.297452
656,NTES,2016-06-30,0.589797,0.34044,0.33915100000000004,0.303883
657,ATVI,2019-06-30,0.689828,0.240688,0.38698299999999997,0.23495700000000003
658,ATVI,2019-03-31,0.691507,0.312329,0.390135,0.244932
659,ATVI,2018-12-31,0.6505670000000001,0.29147399999999996,0.398186,0.272995
660,ATVI,2018-09-30,0.660714,0.17526499999999998,0.34422600000000003,0.17195799999999994
661,ATVI,2018-06-30,0.6892140000000001,0.264473,0.35241500000000003,0.244973
662,ATVI,2018-03-31,0.663104,0.30279900000000004,0.358688,0.25445300000000004
663,ATVI,2017-12-31,0.606951,0.108174,0.357509,-0.285854
664,ATVI,2017-09-30,0.6588379999999999,0.158838,0.396194,0.116193
665,ATVI,2017-06-30,0.6560389999999999,0.207848,0.409713,0.148988
666,ATVI,2017-03-31,0.6610659999999999,0.285632,0.398517,0.246813
667,ATVI,2016-12-31,0.614697,0.211023,0.397609,0.126117
668,ATVI,2016-09-30,0.662628,0.1875,0.369156,0.126913
669,ATVI,2016-06-30,0.619108,0.147771,0.35562600000000005,0.096178
670,FISV,2019-06-30,0.48081999999999997,0.253968,0.35921,0.14748699999999998
671,FISV,2019-03-31,0.468708,0.248336,0.358709,0.14980000000000002
672,FISV,2018-12-31,0.470019,0.277885,0.39653099999999997,0.184397
673,FISV,2018-09-30,0.4695470000000001,0.252125,0.390463,0.16076500000000002
674,FISV,2018-06-30,0.479577,0.25211300000000003,0.38937,0.17676100000000006
675,FISV,2018-03-31,0.47291700000000003,0.42222200000000004,0.38976,0.29375
676,FISV,2017-12-31,0.486807,0.280343,0.345681,0.360158
677,FISV,2017-09-30,0.467143,0.264286,0.34165,0.165714
678,FISV,2017-06-30,0.460317,0.268398,0.341442,0.159452
679,FISV,2017-03-31,0.460545,0.261836,0.33944,0.177188
680,FISV,2016-12-31,0.468204,0.26205500000000004,0.33714799999999995,0.15024500000000002
681,FISV,2016-09-30,0.465942,0.267391,0.332598,0.15507200000000002
682,FISV,2016-06-30,0.46661800000000003,0.26559099999999997,0.332093,0.155539
683,XLNX,2019-06-29,0.662479,0.29534900000000003,0.34436500000000003,0.284192
684,XLNX,2019-03-30,0.6747110000000001,0.302257,0.34689200000000003,0.29533000000000004
685,XLNX,2018-12-29,0.6901430000000001,0.322377,0.34584400000000004,0.299179
686,XLNX,2018-09-29,0.6896220000000001,0.311873,0.332348,0.289061
687,XLNX,2018-06-30,0.697696,0.315274,0.32839100000000004,0.277683
688,XLNX,2018-03-31,0.703943,0.256168,0.317296,0.22794299999999998
689,XLNX,2017-12-30,0.702693,0.269456,0.311319,-0.020857
690,XLNX,2017-09-30,0.7040489999999999,0.306312,0.313291,0.27693
691,XLNX,2017-07-01,0.683443,0.280445,0.313186,0.26085200000000003
692,XLNX,2017-04-01,0.6951179999999999,0.284524,0.32435600000000003,0.251743
693,XLNX,2016-12-31,0.6956859999999999,0.27825700000000003,0.331957,0.242187
694,XLNX,2016-10-01,0.696353,0.305266,0.33417199999999997,0.283476
695,XLNX,2016-07-02,0.7073,0.32384500000000005,0.332059,0.283573
696,EBAY,2019-06-30,0.7655379999999999,0.208783,0.29504400000000003,0.149609
697,EBAY,2019-03-31,0.7726069999999999,0.23042,0.276621,0.195989
698,EBAY,2018-12-31,0.785193,0.23670500000000003,0.271543,0.264164
699,EBAY,2018-09-30,0.770479,0.209891,0.274206,0.27217800000000003
700,EBAY,2018-06-30,0.773864,0.153788,0.279712,0.243182
701,EBAY,2018-03-31,0.783333,0.224419,0.29282600000000003,0.157752
702,EBAY,2017-12-31,0.782047,0.244921,0.296162,-0.960842
703,EBAY,2017-09-30,0.7770220000000001,0.229784,0.303588,0.208167
704,EBAY,2017-06-30,0.7684989999999999,0.198429,0.309192,0.011988
705,EBAY,2017-03-31,0.776813,0.23751599999999998,0.32104999999999995,0.449414
706,EBAY,2016-12-31,0.774948,0.266388,0.334893,2.478497
707,EBAY,2016-09-30,0.7753720000000001,0.24447500000000005,0.339771,0.186288
708,EBAY,2016-06-30,0.778924,0.238117,0.349568,0.19506700000000002
709,ERIC,2019-06-30,0.366192,0.06944,0.08602800000000001,0.031107
710,ERIC,2019-03-31,0.3839820000000001,0.100458,0.0701,0.047376999999999996
711,ERIC,2018-12-31,0.256688,-0.029447000000000004,0.045068,-0.102697
712,ERIC,2018-09-30,0.364802,0.060192999999999997,0.028095,0.051013
713,ERIC,2018-06-30,0.347996,0.002791,0.0055509999999999995,-0.037845
714,ERIC,2018-03-31,0.34226300000000004,-0.007256,0.002771,-0.019281
715,ERIC,2017-12-31,0.216237,-0.33297600000000005,-0.033475000000000005,-0.319207
716,ERIC,2017-09-30,0.268775,-0.074029,-0.006652,-0.07206599999999999
717,ERIC,2017-06-30,0.290945,-0.010919000000000002,0.0035870000000000008,-0.009367
718,ERIC,2017-03-31,0.156915,-0.23611500000000002,0.018222,-0.210614
719,ERIC,2016-12-31,0.260983,-0.004677000000000001,0.069122,-0.024596
720,ERIC,2016-09-30,0.28310799999999997,0.007127,0.11521,-0.004562
721,ERIC,2016-06-30,0.323335,0.050843,0.132025,0.02933
722,ALXN,2019-06-30,0.91756,0.442616,0.41482600000000003,0.382116
723,ALXN,2019-03-31,0.9247629999999999,0.453174,0.214021,0.515521
724,ALXN,2018-12-31,0.9142450000000001,0.038714,0.163367,-0.039865
725,ALXN,2018-09-30,0.911739,0.349342,0.211421,0.322358
726,ALXN,2018-06-30,0.9088040000000001,-0.382871,0.14796900000000002,-0.43770299999999995
727,ALXN,2018-03-31,0.901601,0.28724900000000003,0.327206,0.26759099999999997
728,ALXN,2017-12-31,0.8410460000000001,0.11938,0.31671900000000003,0.032978
729,ALXN,2017-09-30,0.8172510000000001,0.093237,0.305006,0.090793
730,ALXN,2017-06-30,0.9084040000000001,0.24838400000000002,0.33643900000000004,0.181001
731,ALXN,2017-03-31,0.920653,0.24379,0.34210500000000005,0.195607
732,ALXN,2016-12-31,0.918633,0.15346700000000002,0.345049,0.1117
733,ALXN,2016-09-30,0.9111389999999999,0.22403000000000006,0.347515,0.117647
734,ALXN,2016-06-30,0.920319,0.258964,0.33719,0.159363
735,PAYX,2019-05-31,0.6714610000000001,0.320787,0.41161,0.235006
736,PAYX,2019-02-28,0.696095,0.401065,0.417917,0.30325100000000005
737,PAYX,2018-11-30,0.6915819999999999,0.357667,0.4120450000000001,0.27453700000000003
738,PAYX,2018-08-31,0.6922809999999999,0.371233,0.416638,0.282337
739,PAYX,2018-05-31,0.686177,0.35721899999999995,0.423217,0.25742
740,PAYX,2018-02-28,0.7092189999999999,0.394189,0.42839099999999997,0.392266
741,PAYX,2017-11-30,0.690411,0.37746,0.42591599999999996,0.247572
742,PAYX,2017-08-31,0.707403,0.400177,0.43153800000000003,0.265355
743,PAYX,2017-05-31,0.7102430000000001,0.3742800000000001,0.433631,0.244553
744,PAYX,2017-02-28,0.7024379999999999,0.385273,0.43059899999999995,0.254461
745,PAYX,2016-11-30,0.7066370000000001,0.40329299999999996,0.42779300000000003,0.26199100000000003
746,PAYX,2016-08-31,0.713431,0.411203,0.42837700000000006,0.276766
747,AMD,2019-06-29,0.405617,0.038537,0.08,0.022861000000000003
748,AMD,2019-03-30,0.409591,0.029874,0.09082,0.012579
749,AMD,2018-12-29,0.378436,0.019732,0.095907,0.026779
750,AMD,2018-09-29,0.399879,0.090744,0.091776,0.061706
751,AMD,2018-06-30,0.371298,0.08712999999999999,0.087087,0.066059
752,AMD,2018-03-31,0.362477,0.07286000000000001,0.06815800000000001,0.04918
753,AMD,2017-12-31,,,,
754,AMD,2017-12-30,0.33731300000000003,-0.001493,0.05159,-0.014179
755,AMD,2017-09-30,0.36048,0.075126,0.052112,0.03851
756,AMD,2017-07-01,0.335361,-0.0008690000000000001,-0.031531,-0.03649
757,AMD,2017-04-01,0.320883,0.009338,-0.027224,-0.028013999999999997
758,AMD,2016-12-31,0.30876,-0.003469,-0.047928,-0.0451
759,AMD,2016-09-24,0.045142,-0.22417800000000002,,-0.310635
760,AMD,2016-06-25,0.31061300000000003,-0.007790000000000001,,0.06718600000000001
761,LRCX,2019-06-30,0.457782,0.26135,0.28735700000000003,0.229475
762,LRCX,2019-03-31,0.440474,0.23185999999999998,0.300608,0.22442800000000002
763,LRCX,2018-12-23,0.45389700000000005,0.27367,0.312176,0.22549699999999998
764,LRCX,2018-09-23,0.454028,0.25389500000000004,0.314641,0.22884200000000002
765,LRCX,2018-06-24,0.47327,0.30557199999999995,0.319554,0.32666999999999996
766,LRCX,2018-03-25,0.460118,0.286127,0.30947600000000003,0.269284
767,LRCX,2017-12-24,0.467126,0.28571199999999997,0.302502,-0.003857
768,LRCX,2017-09-24,0.463793,0.279735,0.29244699999999996,0.23836
769,LRCX,2017-06-25,0.45586499999999996,0.259259,0.27566,0.22449699999999997
770,LRCX,2017-03-26,0.450978,0.249963,0.26421100000000003,0.266813
771,LRCX,2016-12-25,0.449874,0.233665,0.244083,0.17679999999999998
772,LRCX,2016-09-25,0.438734,0.193545,0.228069,0.16162200000000002
773,LRCX,2016-06-26,0.451919,0.199993,0.23195900000000005,0.16746099999999994
774,MNST,2019-06-30,0.598964,0.343274,0.351339,0.26491
775,MNST,2019-03-31,0.606276,0.329243,0.352459,0.276414
776,MNST,2018-12-31,0.597472,0.331639,0.352123,0.258708
777,MNST,2018-09-30,0.5979949999999999,0.334173,0.352116,0.263475
778,MNST,2018-06-30,0.6105659999999999,0.352033,0.35585500000000003,0.265895
779,MNST,2018-03-31,0.605529,0.328955,0.36406,0.25390100000000004
780,MNST,2017-12-31,0.621468,0.329623,0.370335,0.24843600000000002
781,MNST,2017-09-30,0.6264149999999999,0.348961,0.371168,0.240517
782,MNST,2017-06-30,0.643278,0.38590399999999997,0.376284,0.245442
783,MNST,2017-03-31,0.647951,0.35607799999999995,0.365723,0.23981799999999998
784,MNST,2016-12-31,0.6608329999999999,0.33396099999999995,0.369314,0.229443
785,MNST,2016-09-30,0.6383300000000001,0.368518,0.374367,0.243216
786,MNST,2016-06-30,0.6257659999999999,0.348673,0.378064,0.222624
787,EA,2019-06-30,0.845327,0.34325900000000004,0.2499,1.175352
788,EA,2019-03-31,0.7770600000000001,0.15832000000000002,0.23050500000000002,0.168821
789,EA,2018-12-31,0.679597,0.18774200000000002,0.32111799999999996,0.203258
790,EA,2018-09-30,0.6749609999999999,0.200622,0.278219,0.198289
791,EA,2018-06-30,0.8109059999999999,0.26385200000000003,0.23439400000000002,0.257696
792,EA,2018-03-31,0.852718,0.47598,0.304854,0.38369200000000003
793,EA,2017-12-31,0.568103,-0.018103,0.29970600000000003,-0.16034500000000002
794,EA,2017-09-30,0.5943689999999999,-0.042753,0.306648,-0.022941
795,EA,2017-06-30,0.8937200000000002,0.512767,0.31136800000000003,0.44444399999999995
796,EA,2017-03-31,0.867714,0.469548,0.288132,0.370661
797,EA,2016-12-31,0.550914,-0.003481,0.26610500000000004,-0.0008699999999999999
798,EA,2016-09-30,0.5534519999999999,-0.054566,0.26501,-0.042316
799,EA,2016-06-30,0.859166,0.4405980000000001,0.25537600000000005,0.346184
800,NXPI,2019-06-30,0.51917,0.07081599999999999,0.508134,0.018493
801,NXPI,2019-03-31,0.511939,0.025788,0.5008670000000001,-0.010029000000000001
802,NXPI,2018-12-31,0.51727,0.093217,0.499309,0.114856
803,NXPI,2018-09-30,0.5137010000000001,0.904294,0.499154,0.744376
804,NXPI,2018-07-01,0.515284,0.059825,0.288662,0.023581
805,NXPI,2018-04-01,0.5165270000000001,0.06082000000000001,0.28891999999999995,0.025562
806,NXPI,2017-12-31,0.5057,0.085505,0.461863,0.30659600000000004
807,NXPI,2017-10-01,0.509007,0.068287,0.457359,0.045245
808,NXPI,2017-07-02,0.49182600000000004,0.022706999999999998,0.453336,0.022252
809,NXPI,2017-04-02,0.48801400000000006,0.7593850000000001,0.443859,0.5902310000000001
810,NXPI,2016-12-31,0.487295,0.07090199999999999,0.21636100000000003,0.213115
811,NXPI,2016-10-02,0.47954600000000003,0.070474,0.29951500000000003,0.036857
812,NXPI,2016-07-03,0.464693,-0.010994,0.30633699999999997,-0.005496999999999999
813,XEL,2019-06-30,0.637175,0.1591,0.33848500000000004,0.09235499999999999
814,XEL,2019-03-31,0.553327,0.154728,0.329496,0.100287
815,XEL,2018-12-31,0.561806,0.117708,0.324694,0.074653
816,XEL,2018-09-30,0.636811,0.228346,0.330045,0.16108899999999998
817,XEL,2018-06-30,0.6060949999999999,0.1693,0.336106,0.099699
818,XEL,2018-03-31,0.554388,0.162657,0.33640099999999995,0.098611
819,XEL,2017-12-31,0.5729609999999999,0.157725,0.33602200000000004,0.067597
820,XEL,2017-09-30,0.6426909999999999,0.273119,0.33661599999999997,0.163076
821,XEL,2017-06-30,0.6064269999999999,0.17618099999999998,0.332574,0.08582200000000001
822,XEL,2017-03-31,0.559063,0.16700600000000002,0.33053000000000005,0.081127
823,XEL,2016-12-31,0.557404,0.17586500000000002,0.33096200000000003,0.081259
824,XEL,2016-09-30,0.633742,0.272044,0.327309,0.150583
825,XEL,2016-06-30,0.6182289999999999,0.17264300000000002,0.323498,0.078723
826,SIRI,2019-06-30,0.553869,0.222054,0.3186,0.13302999999999998
827,SIRI,2019-03-31,0.5711010000000001,0.19094,0.323778,0.09289
828,SIRI,2018-12-31,0.617255,0.30695300000000003,0.35137300000000005,0.16782599999999998
829,SIRI,2018-09-30,0.6151409999999999,0.328856,0.344321,0.23378200000000002
830,SIRI,2018-06-30,0.555492,0.25248000000000004,0.34182399999999996,0.204114
831,SIRI,2018-03-31,0.611191,0.308043,0.356823,0.21048699999999998
832,SIRI,2017-12-31,0.592275,0.282575,0.35749699999999995,-0.026351999999999997
833,SIRI,2017-09-30,0.623786,0.31455900000000003,0.351341,0.199857
834,SIRI,2017-06-30,0.618984,0.30896599999999996,0.347894,0.14998
835,SIRI,2017-03-31,0.615857,0.30434300000000003,0.34358000000000005,0.16001700000000002
836,SIRI,2016-12-31,0.5768810000000001,0.252924,0.339054,0.15704300000000002
837,SIRI,2016-09-30,0.617532,0.306954,0.33975900000000003,0.15176399999999998
838,SIRI,2016-06-30,0.606401,0.293109,0.339467,0.14160699999999998
839,TEAM,2019-06-30,0.8173,-0.096968,0.00569,-0.7098829999999999
840,TEAM,2019-03-31,0.824784,-0.08910299999999999,0.032119,-0.6558800000000001
841,TEAM,2018-12-31,0.833493,-0.010598999999999999,0.055145000000000007,0.151131
842,TEAM,2018-09-30,0.8309529999999999,-0.000718,0.050003,-0.907042
843,TEAM,2018-06-30,0.818708,-0.021687,0.034811,-0.106041
844,TEAM,2018-03-31,0.798333,-0.045808,0.011887000000000002,-0.070534
845,TEAM,2017-12-31,0.798842,-0.060645000000000004,-0.006449,-0.299234
846,TEAM,2017-09-30,0.7949149999999999,-0.10379100000000001,-0.0061340000000000006,-0.05867600000000001
847,TEAM,2017-06-30,0.788879,-0.185027,-0.002484,-0.11878599999999999
848,TEAM,2017-03-31,0.794289,-0.144226,0.003318,-0.10919300000000001
849,TEAM,2016-12-31,0.8193590000000001,-0.017721999999999998,0.013597,-0.011403000000000002
850,TEAM,2016-09-30,0.8350569999999999,-0.037489,0.014934,-0.019278
851,TEAM,2016-06-30,0.83442,-0.08927199999999999,0.035107,-0.036853
852,MELI,2019-06-30,0.49965,-0.022904,0.031018,0.029743000000000002
853,MELI,2019-03-31,0.500251,0.021401,0.012859,0.025042
854,MELI,2018-12-31,0.478446,-0.001913,-0.016455,-0.005457999999999999
855,MELI,2018-09-30,0.47770100000000004,-0.030969999999999998,-0.06457399999999999,-0.028366000000000002
856,MELI,2018-06-30,0.47632700000000006,-0.084207,-0.038146,-0.033547
857,MELI,2018-03-31,0.5070720000000001,-0.091655,0.005155999999999999,-0.040249
858,MELI,2017-12-31,0.567952,-0.18045100000000006,0.07989,-0.189128
859,MELI,2017-09-30,0.576631,0.090325,0.200786,0.09073200000000001
860,MELI,2017-06-30,0.604314,0.105766,0.23700300000000002,0.018726
861,MELI,2017-03-31,0.626146,0.234779,0.25684,0.17991300000000002
862,MELI,2016-12-31,0.6349779999999999,0.252342,0.248788,0.20035899999999998
863,MELI,2016-09-30,0.630929,0.232661,0.230248,0.16856200000000002
864,MELI,2016-06-30,0.6326160000000001,0.161222,0.236418,0.07943099999999999
865,PCAR,2019-06-30,0.185006,0.11810699999999999,0.15798299999999998,0.093499
866,PCAR,2019-03-31,0.187604,0.12174,0.159573,0.096954
867,PCAR,2018-12-31,0.181569,0.113732,0.159289,0.092059
868,PCAR,2018-09-30,0.183123,0.112041,0.160825,0.094723
869,PCAR,2018-06-30,0.19158699999999998,0.118618,0.16372,0.09639600000000001
870,PCAR,2018-03-31,0.19052,0.113318,0.16423500000000002,0.090573
871,PCAR,2017-12-31,0.182672,0.107084,0.16442400000000001,0.108019
872,PCAR,2017-09-30,0.190881,0.111271,0.16434400000000002,0.07959
873,PCAR,2017-06-30,0.19191400000000006,0.110199,0.165634,0.079291
874,PCAR,2017-03-31,0.19181700000000002,0.100545,0.174826,0.07322000000000001
875,PCAR,2016-12-31,0.19149,0.09846,0.122642,0.07094600000000001
876,PCAR,2016-09-30,0.199016,0.11484,0.124934,0.08147
877,PCAR,2016-06-30,0.20194000000000004,0.145541,0.127235,0.10905899999999999
878,CTRP,2019-03-31,0.7931159999999999,0.108403,0.0,0.5650419999999999
879,CTRP,2018-12-31,0.785714,-0.025,0.0,-0.157407
880,CTRP,2018-09-30,0.7871729999999999,0.15820399999999998,0.0,-0.121753
881,CTRP,2018-06-30,0.7992900000000001,0.09892100000000001,0.0,0.325318
882,CTRP,2018-03-31,0.815183,0.087654,0.0,0.15747999999999998
883,CTRP,2017-12-31,0.8281219999999999,0.049085,0.0,0.056699
884,CTRP,2017-09-30,0.839512,0.194482,0.0,0.17169600000000002
885,CTRP,2017-06-30,0.8258240000000001,0.10636300000000001,0.0,0.05558099999999999
886,CTRP,2017-03-31,0.803309,0.061868999999999987,0.0,0.008602
887,CTRP,2016-12-31,0.7777189999999999,0.040927,0.0,0.12735
888,CTRP,2016-09-30,0.7784770000000001,0.080301,0.0,0.004293
889,CTRP,2016-06-30,0.720456,-0.08975,0.0,-0.118163
890,GOLD,2019-06-30,0.251091,0.158022,0.263898,0.094038
891,GOLD,2019-03-31,0.288103,0.201147,0.246621,0.053034000000000005
892,GOLD,2018-12-31,0.17174399999999998,-0.15178599999999998,0.25610900000000003,-0.628676
893,GOLD,2018-09-30,0.284159,-0.043005,0.242765,-0.224279
894,GOLD,2018-06-30,0.31308400000000003,0.140771,0.31749299999999997,-0.054907
895,GOLD,2018-03-31,0.356425,0.293296,0.476563,0.088268
896,GOLD,2017-12-31,0.366697,-0.13465,0.6067589999999999,-0.140934
897,GOLD,2017-09-30,0.36277,0.255394,0.746131,-0.005519
898,GOLD,2017-06-30,0.4087960000000001,0.7416670000000001,0.752309,0.5018520000000001
899,GOLD,2017-03-31,0.326643,0.81435,0.637861,0.340692
900,GOLD,2016-12-31,0.373006,0.410091,0.503155,0.18326900000000002
901,GOLD,2016-09-30,0.4379630000000001,0.344362,0.04813,0.076186
902,GOLD,2016-06-30,0.335984,0.263917,-0.036257000000000005,0.06858800000000001
903,ALGN,2019-06-30,0.719646,0.293809,0.272959,0.244952
904,ALGN,2019-03-31,0.732454,0.159755,0.253709,0.130878
905,ALGN,2018-12-31,0.717381,0.225596,0.26508699999999996,0.182375
906,ALGN,2018-09-30,0.735779,0.247795,0.272363,0.199632
907,ALGN,2018-06-30,0.7456919999999999,0.250258,0.273573,0.21642600000000004
908,ALGN,2018-03-31,0.7493479999999999,0.224735,0.269648,0.21941100000000002
909,ALGN,2017-12-31,0.754568,0.26014699999999996,0.265608,0.024361
910,ALGN,2017-09-30,0.7591829999999999,0.256349,0.257422,0.21428000000000003
911,ALGN,2017-06-30,0.7599739999999999,0.234427,0.24749699999999997,0.19406
912,ALGN,2017-03-31,0.759245,0.198727,0.246929,0.223689
913,ALGN,2016-12-31,0.751183,0.23319000000000004,0.252736,0.16241599999999998
914,ALGN,2016-09-30,0.750934,0.222834,0.257179,0.184383
915,ALGN,2016-06-30,0.7618600000000001,0.24181599999999998,0.248528,0.186173
916,WLTW,2019-06-30,0.0,0.085938,0.213363,0.067383
917,WLTW,2019-03-31,0.0,0.155277,0.197937,0.124135
918,WLTW,2018-12-31,0.0,0.19814500000000002,0.182779,0.159359
919,WLTW,2018-09-30,0.0,0.009145,0.146977,0.023669
920,WLTW,2018-06-30,0.0,0.031658,0.14393599999999998,0.029146
921,WLTW,2018-03-31,0.0,0.11300199999999999,0.1463,0.093805
922,WLTW,2017-12-31,0.0,0.038499,0.16447199999999998,0.11790199999999999
923,WLTW,2017-09-30,0.0,-0.014039,0.164948,-0.029158
924,WLTW,2017-06-30,0.0,0.031233999999999998,0.17038599999999998,0.016897
925,WLTW,2017-03-31,0.0,0.17291900000000002,0.174862,0.14834000000000006
926,WLTW,2016-12-31,0.0,0.045667,0.167364,0.017644
927,WLTW,2016-09-30,0.0,0.000563,0.156908,-0.018008
928,WLTW,2016-06-30,0.0,0.069779,0.15992,0.036942
929,MCHP,2019-06-30,0.6163620000000001,0.129744,0.325573,0.038334
930,MCHP,2019-03-31,0.6170100000000001,0.214017,0.29735500000000004,0.131373
931,MCHP,2018-12-31,0.567106,0.141631,0.29239299999999996,0.035789999999999995
932,MCHP,2018-09-30,0.481187,0.07169299999999999,0.308004,0.06722500000000001
933,MCHP,2018-06-30,0.529485,0.10911300000000002,0.351543,0.029443
934,MCHP,2018-03-31,0.6136889999999999,0.24354,0.389931,0.14636300000000002
935,MCHP,2017-12-31,0.610642,0.24663,0.36937,-0.252565
936,MCHP,2017-09-30,0.606758,0.22270500000000001,0.340422,0.18693800000000002
937,MCHP,2017-06-30,0.601173,0.22796,0.297267,0.175496
938,MCHP,2017-03-31,0.5902890000000001,0.170685,0.21861599999999998,0.15162899999999999
939,MCHP,2016-12-31,0.55762,0.141513,0.20181300000000002,0.128451
940,MCHP,2016-09-30,0.471239,0.07202499999999999,0.19408599999999998,0.038926
941,MCHP,2016-06-30,0.435933,-0.073934,0.208242,-0.141808
942,VRSN,2019-06-30,0.8561289999999999,0.658506,0.6835359999999999,0.48168199999999994
943,VRSN,2019-03-31,0.8514919999999999,0.653547,0.679221,0.5304270000000001
944,VRSN,2018-12-31,0.8426809999999999,0.6308819999999999,0.6714239999999999,0.592597
945,VRSN,2018-09-30,0.842209,0.63771,0.6637649999999999,0.450263
946,VRSN,2018-06-30,0.843397,0.638151,0.659697,0.424368
947,VRSN,2018-03-31,0.839111,0.619534,0.6521370000000001,0.448608
948,VRSN,2017-12-31,0.8386469999999999,0.597061,0.6502469999999999,0.348009
949,VRSN,2017-09-30,0.8381379999999999,0.619158,0.650396,0.392914
950,VRSN,2017-06-30,0.834886,0.606338,0.649606,0.426613
951,VRSN,2017-03-31,0.8244400000000001,0.6072850000000001,0.6540819999999999,0.403348
952,VRSN,2016-12-31,0.828484,0.589518,0.65204,0.368714
953,VRSN,2016-09-30,0.8267909999999999,0.6078020000000001,0.6514220000000001,0.397932
954,VRSN,2016-06-30,0.8298120000000001,0.615316,0.646097,0.39519499999999996
955,VRSK,2019-06-30,0.628103,0.33450799999999997,0.47389799999999993,0.230463
956,VRSK,2019-03-31,0.6297600000000001,0.32384,0.47410699999999995,0.21504
957,VRSK,2018-12-31,0.63512,0.352175,0.47188,0.23815
958,VRSK,2018-09-30,0.6338729999999999,0.35259700000000005,0.473102,0.277267
959,VRSK,2018-06-30,0.630135,0.35306800000000005,0.477041,0.25528
960,VRSK,2018-03-31,0.6194080000000001,0.334652,0.478011,0.22883699999999998
961,VRSK,2017-12-31,0.6340520000000001,0.36840300000000004,0.484151,0.358759
962,VRSK,2017-09-30,0.6384989999999999,0.37953,0.48064,0.21981399999999998
963,VRSK,2017-06-30,0.6297780000000001,0.372706,0.4833,0.231269
964,VRSK,2017-03-31,0.636092,0.373458,0.4861600000000001,0.21647399999999997
965,VRSK,2016-12-31,0.6186520000000001,0.366528,0.49734399999999995,0.21596500000000002
966,VRSK,2016-09-30,0.6593049999999999,0.398314,0.513461,0.256173
967,VRSK,2016-06-30,0.6419830000000001,0.383705,0.520126,0.525386
968,LULU,2019-05-05,0.539067,0.164655,0.263414,0.123484
969,LULU,2019-02-03,0.5726829999999999,0.283882,0.251898,0.187129
970,LULU,2018-10-28,0.5440699999999999,0.181772,0.244589,0.126279
971,LULU,2018-07-29,0.547607,0.185498,0.237065,0.13237000000000002
972,LULU,2018-04-29,0.5305979999999999,0.16054200000000002,0.225557,0.115672
973,LULU,2018-01-28,0.5625640000000001,0.27592300000000003,0.21298499999999998,0.128941
974,LULU,2017-10-29,0.5201169999999999,0.138264,0.199392,0.095222
975,LULU,2017-07-30,0.5118659999999999,0.118254,0.206642,0.083832
976,LULU,2017-04-30,0.493737,0.0873,0.21132199999999998,0.060052999999999995
977,LULU,2017-01-29,0.5416850000000001,0.248916,0.217049,0.172336
978,LULU,2016-10-30,0.511421,0.170779,0.21044200000000002,0.12542799999999998
979,LULU,2016-07-31,0.49397700000000005,0.14374399999999998,0.20341099999999998,0.104223
980,UAL,2019-06-30,0.0,0.1291,0.154996,0.092265
981,UAL,2019-03-31,0.0,0.051622,0.14300000000000002,0.030452
982,UAL,2018-12-31,0.0,0.062149,0.132339,0.044038
983,UAL,2018-09-30,0.0,0.10933399999999999,0.13786900000000002,0.07597899999999999
984,UAL,2018-06-30,0.0,0.106245,0.13989100000000002,0.063376
985,UAL,2018-03-31,0.0,0.029008000000000006,0.150247,0.016054
986,UAL,2017-12-31,0.0,0.08210800000000001,0.154033,0.061263
987,UAL,2017-09-30,0.0,0.114961,0.160867,0.06515800000000001
988,UAL,2017-06-30,0.0,0.143585,0.17238399999999998,0.08203400000000001
989,UAL,2017-03-31,0.0,0.037978,0.16378099999999998,0.011748999999999999
990,UAL,2016-12-31,0.0,0.11102499999999997,0.172749,0.043858
991,UAL,2016-09-30,0.0,0.163825,0.17413800000000001,0.097347
992,UAL,2016-06-30,0.0,0.11281400000000001,0.17881,0.06258
993,INFO,2019-05-31,0.623074,0.210216,0.307291,0.131924
994,INFO,2019-02-28,0.6179279999999999,0.16724,0.29960000000000003,0.10483599999999997
995,INFO,2018-11-30,0.616876,0.149092,0.296468,0.076606
996,INFO,2018-08-31,0.625075,0.16723300000000002,0.29623499999999997,0.104396
997,INFO,2018-05-31,0.634633,0.179411,0.29632200000000003,0.113756
998,INFO,2018-02-28,0.632121,0.150091,0.290351,0.258878
999,INFO,2017-11-30,0.6378739999999999,0.147348,0.28244,0.111887
1000,INFO,2017-08-31,0.622416,0.16856400000000002,0.264679,0.161269
1001,INFO,2017-05-31,0.6273040000000001,0.150977,0.21969699999999998,0.10959100000000001
1002,INFO,2017-02-28,0.6126510000000001,0.11336199999999999,0.210889,0.078181
1003,INFO,2016-11-30,0.6046009999999999,0.128405,0.208076,0.102197
1004,INFO,2016-08-31,0.6286229999999999,-0.023047,0.23892600000000006,-0.043748
1005,CTAS,2019-05-31,0.459135,0.17528300000000002,0.216709,0.12606099999999998
1006,CTAS,2019-02-28,0.44887299999999997,0.165399,0.210615,0.120865
1007,CTAS,2018-11-30,0.451128,0.16041699999999998,0.198001,0.141429
1008,CTAS,2018-08-31,0.45625600000000005,0.156203,0.192465,0.125158
1009,CTAS,2018-05-31,0.45062299999999994,0.159025,0.189798,0.11150999999999998
1010,CTAS,2018-02-28,0.44078199999999995,0.125869,0.17853200000000002,0.1901
1011,CTAS,2017-11-30,0.445935,0.14641700000000002,0.183555,0.08535
1012,CTAS,2017-08-31,0.458797,0.154576,0.183618,0.13478800000000002
1013,CTAS,2017-05-31,0.443529,0.115866,0.182269,0.055047000000000006
1014,CTAS,2017-02-28,0.446024,0.152936,0.192681,0.094
1015,CTAS,2016-11-30,0.444676,0.15770599999999999,0.19381099999999998,0.110439
1016,CTAS,2016-08-31,0.45508,0.161005,0.19526900000000005,0.109021
1017,FITB,2019-06-30,0.0,0.302887,0.0,0.237795
1018,FITB,2019-03-31,0.0,0.45625299999999996,0.0,0.35501600000000005
1019,FITB,2018-12-31,0.0,0.352657,0.0,0.274758
1020,FITB,2018-09-30,0.0,0.31880400000000003,0.0,0.26961399999999996
1021,FITB,2018-06-30,0.0,0.42427700000000007,0.0,0.341463
1022,FITB,2018-03-31,0.0,0.462992,0.0,0.367979
1023,FITB,2017-12-31,0.0,0.320287,0.0,0.34377
1024,FITB,2017-09-30,0.0,0.588305,0.0,0.400632
1025,FITB,2017-06-30,0.0,0.328676,0.0,0.244178
1026,FITB,2017-03-31,0.0,0.271978,0.0,0.20947800000000003
1027,FITB,2016-12-31,0.0,0.33420900000000003,0.0,0.259357
1028,FITB,2016-09-30,0.0,0.397252,0.0,0.295363
1029,FITB,2016-06-30,0.0,0.28447700000000004,0.0,0.218521
1030,CHKP,2019-06-30,0.8955289999999999,0.43541499999999994,0.46855399999999997,0.380102
1031,CHKP,2019-03-31,0.8991309999999999,0.436729,0.479204,0.381351
1032,CHKP,2018-12-31,0.889365,0.476229,0.487646,0.45332799999999995
1033,CHKP,2018-09-30,0.8966360000000001,0.480231,0.500626,0.421029
1034,CHKP,2018-06-30,0.8972549999999999,0.478782,0.503793,0.4226140000000001
1035,CHKP,2018-03-31,0.903397,0.471839,0.504428,0.413728
1036,CHKP,2017-12-31,0.885589,0.5266930000000001,0.50713,0.4729330000000001
1037,CHKP,2017-09-30,0.8871870000000001,0.494766,0.498143,0.423868
1038,CHKP,2017-06-30,0.884758,0.48333000000000004,0.49530100000000005,0.410757
1039,CHKP,2017-03-31,0.8880450000000001,0.484166,0.49416,0.419224
1040,CHKP,2016-12-31,0.8804620000000001,0.496007,0.497906,0.456032
1041,CHKP,2016-09-30,0.883941,0.4829290000000001,0.505089,0.396778
1042,CHKP,2016-06-30,0.887517,0.478182,0.510839,0.39224
