,Ticker,Date,STD,LTD,EBITDA_Int,AltZ
0,AAPL,2019-06-29,23482.0,84936.0,16.7171,4.3333
1,AAPL,2019-03-30,22429.0,90201.0,16.2921,4.0739
2,AAPL,2018-12-29,21741.0,92989.0,30.0461,3.4826
3,AAPL,2018-09-29,20748.0,93735.0,21.7419,4.2538
4,AAPL,2018-06-30,17472.0,97128.0,18.0579,4.1572
5,AAPL,2018-03-31,20478.0,101362.0,23.5265,3.9114
6,AAPL,2017-12-30,18478.0,103922.0,39.5354,3.5206
7,AAPL,2017-09-30,18473.0,97207.0,23.4294,3.6206
8,AAPL,2017-07-01,18475.0,89864.0,21.7973,3.8897
9,AAPL,2017-04-01,13991.0,84531.0,30.9981,4.0692
10,AAPL,2016-12-31,13992.0,73557.0,50.1829,3.6501
11,AAPL,2016-09-24,11605.0,75427.0,31.7978,3.743
12,AAPL,2016-06-25,15996.0,68939.0,30.8826,3.7009
13,MSFT,2019-06-30,7348.0,79107.0,23.5904,5.1541
14,MSFT,2019-03-31,8258.0,78085.0,20.4143,5.1466
15,MSFT,2018-12-31,5182.0,80301.0,20.3363,4.7305
16,MSFT,2018-09-30,8072.0,79856.0,19.5875,4.8944
17,MSFT,2018-06-30,5573.0,81935.0,19.7887,4.341
18,MSFT,2018-03-31,5240.0,83381.0,16.4935,4.3203
19,MSFT,2017-12-31,17411.0,82734.0,16.639,3.8702
20,MSFT,2017-09-30,10618.0,85150.0,15.7664,3.9086
21,MSFT,2017-06-30,11657.0,83870.0,15.3053,3.6488
22,MSFT,2017-03-31,7786.0,76222.0,15.0673,3.627
23,MSFT,2016-12-31,25664.0,59306.0,19.3301,3.469
24,MSFT,2016-09-30,14536.0,60154.0,19.5217,3.5613
25,MSFT,2016-06-30,12904.0,44814.0,22.9159,3.6828
26,AMZN,2019-06-30,13151.0,58463.0,23.9164,6.0056
27,AMZN,2019-03-31,12408.0,56597.0,27.623,6.067
28,AMZN,2018-12-31,9502.0,39787.0,20.7959,5.8486
29,AMZN,2018-09-30,6126.0,37784.0,20.9553,7.814
30,AMZN,2018-06-30,6951.0,38838.0,19.2799,7.1251
31,AMZN,2018-03-31,6547.0,37940.0,16.9636,6.4553
32,AMZN,2017-12-31,6221.0,37926.0,16.5929,5.0639
33,AMZN,2017-09-30,6576.0,36610.0,14.2939,4.8535
34,AMZN,2017-06-30,6136.0,17483.0,22.8042,6.35
35,AMZN,2017-03-31,5608.0,15991.0,24.7482,6.4518
36,AMZN,2016-12-31,5197.0,15213.0,26.6992,5.3536
37,AMZN,2016-09-30,3883.0,15105.0,22.5339,6.7154
38,AMZN,2016-06-30,3548.0,14312.0,27.5345,6.4910000000000005
39,FB,2019-06-30,688.0,7122.0,0.0,14.2701
40,FB,2019-03-31,645.0,6565.0,0.0,15.1813
41,FB,2018-12-31,0.0,0.0,0.0,20.3427
42,FB,2018-09-30,0.0,0.0,0.0,26.8171
43,FB,2018-06-30,0.0,0.0,0.0,34.28
44,FB,2018-03-31,0.0,0.0,0.0,27.844
45,FB,2017-12-31,0.0,0.0,0.0,33.4698
46,FB,2017-09-30,0.0,0.0,0.0,41.4006
47,FB,2017-06-30,0.0,0.0,0.0,38.7926
48,FB,2017-03-31,0.0,0.0,0.0,40.8596
49,FB,2016-12-31,0.0,0.0,0.0,37.6713
50,FB,2016-09-30,0.0,0.0,0.0,42.6932
51,FB,2016-06-30,0.0,0.0,0.0,39.4765
52,INTC,2019-06-29,3904.0,25515.0,53.4667,4.6974
53,INTC,2019-03-30,2927.0,26175.0,49.6087,5.0462
54,INTC,2018-12-29,1261.0,25098.0,66.542,4.9555
55,INTC,2018-09-29,3051.0,24823.0,88.2844,4.7413
56,INTC,2018-06-30,3510.0,24632.0,63.75,4.8497
57,INTC,2018-03-31,3842.0,24770.0,59.5179,4.7328
58,INTC,2017-12-30,1776.0,25037.0,49.5098,4.6975
59,INTC,2017-09-30,4142.0,27498.0,37.6963,4.0997
60,INTC,2017-07-01,4130.0,27855.0,37.3718,3.8353
61,INTC,2017-04-01,5073.0,20678.0,38.2055,4.0482
62,INTC,2016-12-31,4634.0,20649.0,40.8608,4.2057
63,INTC,2016-10-01,3573.0,24043.0,35.5,4.1556
64,INTC,2016-07-02,4560.0,24053.0,17.2995,3.9192
65,CSCO,2019-07-27,10191.0,14475.0,20.3627,4.9207
66,CSCO,2019-04-27,7777.0,15921.0,18.9289,4.337
67,CSCO,2019-01-26,9737.0,15893.0,16.583,3.8785
68,CSCO,2018-10-27,7241.0,18323.0,19.3213,3.8847
69,CSCO,2018-07-28,5238.0,20331.0,17.2411,4.4106
70,CSCO,2018-04-28,7736.0,20336.0,15.6034,3.6711
71,CSCO,2018-01-27,13741.0,25625.0,14.6518,3.1985
72,CSCO,2017-10-28,10239.0,25684.0,14.1362,3.4345
73,CSCO,2017-07-29,7992.0,25725.0,23.964,3.3722
74,CSCO,2017-04-29,4248.0,28222.0,17.0274,3.6811
75,CSCO,2017-01-28,4451.0,30471.0,15.5045,3.4391
76,CSCO,2016-10-29,4155.0,30634.0,17.5556,3.4176
77,CSCO,2016-10-28,,,,3.4176
78,CSCO,2016-07-30,4160.0,24483.0,30.2944,3.5618
79,CMCSA,2019-06-30,7050.0,105224.0,7.8241,3.0398
80,CMCSA,2019-03-31,5322.0,108478.0,7.631299999999999,2.9586
81,CMCSA,2018-12-31,4398.0,107345.0,6.8299,2.904
82,CMCSA,2018-09-30,3173.0,69711.0,8.5699,3.2364
83,CMCSA,2018-06-30,2634.0,61946.0,9.4504,3.4463
84,CMCSA,2018-03-31,3039.0,63678.0,9.323,3.4424
85,CMCSA,2017-12-31,5134.0,59422.0,8.3494,3.6154
86,CMCSA,2017-09-30,5241.0,59720.0,8.9856,3.2967
87,CMCSA,2017-06-30,6358.0,57210.0,9.3338,3.3575
88,CMCSA,2017-03-31,3509.0,58276.0,9.2848,3.3617
89,CMCSA,2016-12-31,5480.0,55566.0,8.9418,3.1953
90,CMCSA,2016-09-30,3333.0,57095.0,9.1012,3.2973
91,CMCSA,2016-06-30,2934.0,52629.0,8.8183,3.3678
92,PEP,2019-06-15,3873.0,28783.0,13.0,5.9357
93,PEP,2019-03-23,3671.0,29527.0,10.0899,5.7414
94,PEP,2018-12-29,4026.0,28295.0,5.1433,5.3463
95,PEP,2018-09-08,4474.0,30643.0,11.2914,5.4839
96,PEP,2018-06-16,9955.0,30638.0,11.6948,4.9057
97,PEP,2018-03-24,11600.0,31931.0,7.8333,4.6644
98,PEP,2017-12-30,5485.0,33796.0,9.137,5.0948
99,PEP,2017-09-09,7717.0,31452.0,13.0,5.1818
100,PEP,2017-06-17,8279.0,31205.0,13.1057,5.2617
101,PEP,2017-03-25,8577.0,30081.0,9.5635,5.3281
102,PEP,2016-12-31,6892.0,30053.0,5.3148,5.2807
103,PEP,2016-09-03,6284.0,29322.0,13.7166,5.2996
104,PEP,2016-06-11,4774.0,30847.0,13.8314,5.2663
105,NFLX,2019-06-30,137.662,13540.455,4.8142,7.346
106,NFLX,2019-03-31,122.498,11070.047,3.8785,8.0271
107,NFLX,2018-12-31,0.0,10360.058,1.8554,6.016
108,NFLX,2018-09-30,0.0,8336.586,4.6098,8.0504
109,NFLX,2018-06-30,0.0,8342.067,4.7434,8.0941
110,NFLX,2018-03-31,0.0,6542.373000000001,5.7329,7.1605
111,NFLX,2017-12-31,0.0,6499.432,3.5113,5.4897
112,NFLX,2017-09-30,0.0,4888.7829999999985,3.7547,5.7783
113,NFLX,2017-06-30,0.0,4836.502,2.6379,5.0593
114,NFLX,2017-03-31,0.0,3365.431,5.819,5.6018
115,NFLX,2016-12-31,0.0,3364.311,3.8573,4.9861
116,NFLX,2016-09-30,0.0,2373.966,3.3894,4.6182
117,NFLX,2016-06-30,0.0,2373.085,2.3833,4.5232
118,ADBE,2019-05-31,3145.668,987.938,22.0607,13.1486
119,ADBE,2019-03-01,892.7539999999998,3236.833,20.6865,13.3947
120,ADBE,2018-11-30,0.0,4124.8,29.6798,13.6319
121,ADBE,2018-08-31,0.0,1874.654,38.1625,16.6339
122,ADBE,2018-06-01,0.0,1874.057,38.0516,15.5086
123,ADBE,2018-03-02,0.0,1874.794,39.1605,13.6486
124,ADBE,2017-12-01,0.0,1881.421,51.022,12.6203
125,ADBE,2017-09-01,0.0,1889.218,42.0244,11.9438
126,ADBE,2017-06-02,0.0,1888.398,36.3289,11.6225
127,ADBE,2017-03-03,0.0,1884.074,30.3259,10.453
128,ADBE,2016-12-02,0.0,1892.2,31.6326,9.3919
129,ADBE,2016-09-02,0.0,1916.591,26.2334,9.8152
130,ADBE,2016-06-03,0.0,1918.389,24.9622,9.6377
131,PYPL,2019-06-30,2561.0,445.0,0.0,3.5197000000000003
132,PYPL,2019-03-31,2091.0,406.0,0.0,3.3604
133,PYPL,2018-12-31,1998.0,0.0,0.0,3.2143
134,PYPL,2018-09-30,2000.0,0.0,0.0,3.2419
135,PYPL,2018-06-30,2000.0,0.0,0.0,3.3110000000000004
136,PYPL,2018-03-31,3000.0,0.0,0.0,2.9795
137,PYPL,2017-12-31,1000.0,0.0,0.0,3.1683
138,PYPL,2017-09-30,0.0,0.0,0.0,3.0641
139,PYPL,2017-06-30,0.0,0.0,0.0,2.9130000000000003
140,PYPL,2017-03-31,0.0,0.0,0.0,2.6685
141,PYPL,2016-12-31,0.0,0.0,0.0,2.5803000000000003
142,PYPL,2016-09-30,0.0,0.0,0.0,2.7674
143,PYPL,2016-06-30,0.0,0.0,0.0,2.5988
144,AVGO,2019-05-05,3537.0,34011.0,6.4282,4.334
145,AVGO,2019-02-03,3537.0,34104.0,5.8377,4.2001
146,AVGO,2018-11-04,0.0,17493.0,17.7027,6.4142
147,AVGO,2018-08-05,117.0,17487.0,15.4631,6.5121
148,AVGO,2018-05-06,117.0,17481.0,14.6284,5.9779
149,AVGO,2018-02-04,117.0,17475.0,11.623,5.4807
150,AVGO,2017-10-29,117.0,17431.0,16.5882,4.1682
151,AVGO,2017-07-30,0.0,13572.0,16.5982,4.6832
152,AVGO,2017-04-30,0.0,13567.0,14.8839,4.1713000000000005
153,AVGO,2017-01-29,0.0,13562.0,14.5946,3.6421
154,AVGO,2016-10-30,454.0,13188.0,10.1981,3.055
155,AVGO,2016-07-31,334.0,13381.0,5.7122,3.0376
156,AMGN,2019-06-30,2950.0,28161.0,9.7018,2.7655
157,AMGN,2019-03-31,3825.0,29687.0,8.7668,2.6585
158,AMGN,2018-12-31,4419.0,29510.0,8.1591,2.7673
159,AMGN,2018-09-30,5077.0,29350.0,7.9549,2.9775
160,AMGN,2018-06-30,4288.0,30209.0,9.5562,2.9102
161,AMGN,2018-03-31,2183.0,33358.0,9.4586,2.8476
162,AMGN,2017-12-31,1152.0,34190.0,8.1145,3.1023
163,AMGN,2017-09-30,1999.0,33777.0,8.9323,3.6212
164,AMGN,2017-06-30,1459.0,33603.0,10.0187,3.5371
165,AMGN,2017-03-31,3799.0,30293.0,9.5552,3.4026
166,AMGN,2016-12-31,4403.0,30193.0,9.2805,3.2008
167,AMGN,2016-09-30,4797.0,30526.0,9.3231,3.4052
168,AMGN,2016-06-30,5294.0,27928.0,9.2716,3.3416
169,NVDA,2019-07-28,84.0,2472.0,53.1538,17.8449
170,NVDA,2019-04-28,80.0,2474.0,36.6154,18.7719
171,NVDA,2019-01-27,0.0,1988.0,26.5714,19.0307
172,NVDA,2018-10-28,3.0,1987.0,75.0667,21.6245
173,NVDA,2018-07-29,14.0,1987.0,86.8571,26.8013
174,NVDA,2018-04-29,14.0,1986.0,90.1333,26.4697
175,NVDA,2018-01-28,15.0,1985.0,75.1333,27.4726
176,NVDA,2017-10-29,28.0,1987.0,62.9333,25.0752
177,NVDA,2017-07-30,89.0,1989.0,49.1333,21.16
178,NVDA,2017-04-30,220.0,1995.0,37.5625,15.0979
179,NVDA,2017-01-29,800.0,2020.0,43.3333,12.145
180,NVDA,2016-10-30,1015.0,2034.0,42.9375,8.2337
181,NVDA,2016-07-31,1428.0,80.0,30.3333,9.1166
182,COST,2019-05-12,1699.0,4799.0,41.6571,6.3179
183,COST,2019-02-17,1698.0,4794.0,45.7353,6.0683
184,COST,2018-11-25,0.0,6480.0,35.5556,5.8315
185,COST,2018-09-02,7.0,6487.0,39.1042,6.323
186,COST,2018-05-13,119.0,6492.0,37.6757,6.0551
187,COST,2018-02-18,0.0,6505.0,36.7568,6.0236
188,COST,2017-11-26,0.0,6478.0,34.7568,5.5395
189,COST,2017-09-03,93.0,6573.0,35.6792,5.7958
190,COST,2017-05-07,1158.0,2821.0,61.3333,5.7589
191,COST,2017-02-12,2257.0,2815.0,37.2903,5.9986
192,COST,2016-11-20,1159.0,3933.0,39.5172,5.5183
193,COST,2016-08-28,1110.0,4061.0,41.0,6.3252
194,TXN,2019-06-30,1249.073,4558.279,40.6591,15.0493
195,TXN,2019-03-31,820.0,5333.0,43.5526,14.5665
196,TXN,2018-12-31,749.0,4319.0,49.0278,14.7952
197,TXN,2018-09-30,749.0,4318.0,60.5556,15.147
198,TXN,2018-06-30,0.0,5066.0,64.8333,15.6017
199,TXN,2018-03-31,500.0,3578.0,77.2609,16.6741
200,TXN,2017-12-31,500.0,3577.0,85.0952,15.925999999999998
201,TXN,2017-09-30,499.0,3084.0,105.9474,16.8334
202,TXN,2017-06-30,499.0,3084.0,85.25,16.0217
203,TXN,2017-03-31,378.0,2980.0,82.3333,17.215
204,TXN,2016-12-31,631.0,2978.0,82.0526,14.9679
205,TXN,2016-09-30,634.0,2977.0,91.3889,14.7856
206,TXN,2016-06-30,637.0,2975.0,65.381,14.4845
207,SNY,2019-06-30,4651.0,22045.0,1.8986,2.2675
208,SNY,2019-03-31,,,18.5472,
209,SNY,2018-12-31,2633.0,22007.0,4.2136,2.5313
210,SNY,2018-09-30,,,25.0077,
211,SNY,2018-06-30,6153.0,22788.0,14.0374,2.2358
212,SNY,2018-03-31,,,17.4632,
213,SNY,2017-12-31,1275.0,14326.0,23.3535,3.0336
214,SNY,2017-09-30,,,23.3981,
215,SNY,2017-06-30,3240.0,15207.0,17.4299,3.1644
216,SNY,2017-03-31,,,19.8649,
217,SNY,2016-12-31,1765.0,16824.0,4.6564,2.7873
218,SNY,2016-09-30,,,10.705,
219,SNY,2016-06-30,2467.0,14869.0,16.6875,2.6836
220,SBUX,2019-06-30,0.0,11159.1,17.1458,4.5824
221,SBUX,2019-03-31,75.0,9141.5,16.6495,4.8242
222,SBUX,2018-12-30,0.0,9130.7,18.22,4.4504
223,SBUX,2018-09-30,349.9,9090.2,20.3918,4.4416
224,SBUX,2018-07-01,649.8,6149.1,44.0463,6.5318000000000005
225,SBUX,2018-04-01,349.7,6185.1,31.8433,7.2806
226,SBUX,2017-12-31,349.9,4566.5,53.61,7.1178
227,SBUX,2017-10-01,0.0,3932.6,57.99100000000001,8.8643
228,SBUX,2017-07-02,0.0,3935.5,55.7787,9.5862
229,SBUX,2017-04-02,25.0,3942.5,52.4891,9.6706
230,SBUX,2017-01-01,0.0,3185.7,58.6471,9.614
231,SBUX,2016-10-02,400.0,3202.2,60.2996,9.2726
232,SBUX,2016-06-26,399.8,3202.4,58.7706,9.56
233,ASML,2019-06-30,0.0,3132.4,87.3478,8.0379
234,ASML,2019-03-31,0.0,3082.5,,8.1165
235,ASML,2018-12-31,0.0,3026.5,,6.6393
236,ASML,2018-09-30,,2985.9,,8.144
237,ASML,2018-07-01,0.0,3007.7,358.6818,8.6824
238,ASML,2018-04-01,0.0,2978.6,,8.6144
239,ASML,2017-12-31,25.2,3000.1,66.0698,7.802
240,ASML,2017-10-01,,2996.7,,8.3838
241,ASML,2017-07-02,0.0,2995.5,61.0833,7.2341
242,ASML,2017-04-02,0.0,3040.3,,7.800499999999999
243,ASML,2016-12-31,247.672,3071.793,,6.3311
244,ASML,2016-10-02,0.0,2390.6,17.2065,6.6514
245,ASML,2016-07-03,,901.9,,7.0934
246,GILD,2019-06-30,2072.0,24565.0,11.3548,3.7243
247,GILD,2019-03-31,2573.0,24509.0,10.3622,3.6757
248,GILD,2018-12-31,2748.0,24574.0,5.8444,3.5733
249,GILD,2018-09-30,2747.0,24570.0,11.2917,4.0041
250,GILD,2018-06-30,2998.0,26062.0,9.9098,3.7684
251,GILD,2018-03-31,2497.0,26557.0,8.6552,3.938
252,GILD,2017-12-31,2747.0,30795.0,9.0505,3.6483
253,GILD,2017-09-30,1747.0,27515.0,14.1203,4.2203
254,GILD,2017-06-30,0.0,26296.0,16.9219,4.213
255,GILD,2017-03-31,0.0,26321.0,15.5594,4.1181
256,GILD,2016-12-31,0.0,26346.0,16.366,4.2046
257,GILD,2016-09-30,700.0,26371.0,19.4132,4.4344
258,GILD,2016-06-30,700.0,21427.0,21.2423,5.296
259,BKNG,2019-06-30,1129.0,8181.0,20.7647,6.9051
260,BKNG,2019-03-31,1121.0,8107.0,10.8485,6.5062
261,BKNG,2018-12-31,0.0,8649.0,18.9637,7.0521
262,BKNG,2018-09-30,0.0,8703.901,34.534,7.1488
263,BKNG,2018-06-30,948.19,7764.58,20.4294,6.8462
264,BKNG,2018-03-31,941.657,7990.4180000000015,11.8648,6.9774
265,BKNG,2017-12-31,711.0,8810.0,15.2646,6.2045
266,BKNG,2017-09-30,899.802,8726.679,33.129,6.7423
267,BKNG,2017-06-30,899.4839999999998,7564.635999999998,16.0666,7.0034
268,BKNG,2017-03-31,974.538,7286.102,11.4847,7.0870000000000015
269,BKNG,2016-12-31,967.734,6170.522,15.7536,6.8851
270,BKNG,2016-09-30,960.984,6347.205,16.4379,6.7176
271,BKNG,2016-06-30,0.0,7255.205,16.1089,6.3633
272,CHTR,2019-06-30,1736.0,72933.0,4.3841,2.0611
273,CHTR,2019-03-31,3737.0,71548.0,4.2973,1.8838
274,CHTR,2018-12-31,3290.0,69537.0,4.3659,1.7824
275,CHTR,2018-09-30,3339.0,69135.0,4.2863,1.9140000000000001
276,CHTR,2018-06-30,5387.0,66730.0,4.5011,1.7527
277,CHTR,2018-03-31,3340.0,67609.0,4.4089,1.8289
278,CHTR,2017-12-31,2045.0,68186.0,4.6976,1.8974
279,CHTR,2017-09-30,2068.0,66064.0,4.5812,1.8467
280,CHTR,2017-06-30,0.0,63248.0,4.8692,1.9287
281,CHTR,2017-03-31,2007.0,60837.0,,1.7071
282,CHTR,2016-12-31,2028.0,59719.0,4.9011,1.3576
283,CHTR,2016-09-30,2050.0,59946.0,,1.0887
284,CHTR,2016-06-30,2071.0,60132.0,,0.7129
285,MDLZ,2019-06-30,7652.0,12211.0,10.5512,3.7045
286,MDLZ,2019-03-31,7162.0,12907.0,16.9125,3.4808
287,MDLZ,2018-12-31,5840.0,12532.0,10.0755,3.4513
288,MDLZ,2018-09-30,5212.0,14852.0,10.8391,3.4963
289,MDLZ,2018-06-30,4854.0,14857.0,5.9217,3.6462
290,MDLZ,2018-03-31,5608.0,13180.0,15.2234,3.5064
291,MDLZ,2017-12-31,4680.0,12972.0,,3.5789999999999997
292,MDLZ,2017-09-30,5715.0,12918.0,72.6316,3.4421
293,MDLZ,2017-06-30,5555.0,13226.0,7.2895,3.4574
294,MDLZ,2017-03-31,5468.0,12906.0,8.6134,3.5247
295,MDLZ,2016-12-31,3982.0,13217.0,1.2435,3.5869999999999997
296,MDLZ,2016-09-30,4001.0,13105.0,6.269,3.4712
297,MDLZ,2016-06-30,3702.0,13578.0,5.5563,4.5644
298,ADP,2019-06-30,262.0,2002.2,21.7448,2.5007
299,ADP,2019-03-31,0.0,2002.3,50.1521,2.0922
300,ADP,2018-12-31,1206.0,2002.3,21.8782,2.3794
301,ADP,2018-09-30,453.0,2002.4,21.3872,2.6830000000000003
302,ADP,2018-06-30,0.0,2002.4,23.2526,2.3782
303,ADP,2018-03-31,0.0,2002.4,51.7688,1.8512
304,ADP,2017-12-31,0.0,2002.4,24.4218,1.8299
305,ADP,2017-09-30,0.0,2002.1,22.7679,2.2555
306,ADP,2017-06-30,0.0,2002.4,20.5459,2.0946
307,ADP,2017-03-31,0.0,2002.5,54.3095,1.7614999999999998
308,ADP,2016-12-31,0.0,2002.5,32.0537,1.9151
309,ADP,2016-09-30,0.0,2007.7,30.3116,2.1449
310,ADP,2016-06-30,0.0,2007.7,27.8066,1.6753
311,QCOM,2019-06-30,3000.0,13426.0,35.4375,4.3957
312,QCOM,2019-03-31,998.0,15405.0,7.9321,2.9229000000000003
313,QCOM,2018-12-30,998.0,15388.0,6.8141,2.8405
314,QCOM,2018-09-30,1005.0,15365.0,-1.2464,3.1728
315,QCOM,2018-06-24,7103.0,15378.0,6.2123,3.1334
316,QCOM,2018-03-25,3733.0,19361.0,4.4022,3.0182
317,QCOM,2017-12-24,3465.0,19381.0,2.1118,3.1853
318,QCOM,2017-09-24,2495.0,19398.0,4.4512,3.3644
319,QCOM,2017-06-25,2495.0,19403.0,8.7669,3.3875
320,QCOM,2017-03-26,1998.0,9939.0,10.0093,4.0301
321,QCOM,2016-12-25,1749.0,9935.0,12.3,4.985
322,QCOM,2016-09-25,1749.0,10008.0,28.1579,5.1749
323,QCOM,2016-06-26,1749.0,10024.0,25.9733,4.7214
324,INTU,2019-04-30,50.0,398.0,459.5,19.2535
325,INTU,2019-01-31,50.0,363.0,72.0,20.0103
326,INTU,2018-10-31,50.0,375.0,11.75,22.7727
327,INTU,2018-07-31,50.0,388.0,-4.75,15.283
328,INTU,2018-04-30,50.0,400.0,333.0,13.7949
329,INTU,2018-01-31,690.0,413.0,42.6667,12.6723
330,INTU,2017-10-31,450.0,425.0,6.0,15.0199
331,INTU,2017-07-31,50.0,438.0,17.3333,14.81
332,INTU,2017-04-30,50.0,450.0,188.25,11.2353
333,INTU,2017-01-31,687.0,463.0,7.1818,10.5109
334,INTU,2016-10-31,625.0,475.0,-0.6667,12.0892
335,INTU,2016-07-31,512.0,488.0,0.7778,11.4635
336,CELG,2019-06-30,82.0,20015.0,11.9896,6.6237
337,CELG,2019-03-31,579.0,20015.0,9.8854,6.7418
338,CELG,2018-12-31,501.0,19769.0,10.4053,6.5107
339,CELG,2018-09-30,502.0,19742.0,9.5803,7.1535
340,CELG,2018-06-30,1497.0,19754.0,8.625,6.9106
341,CELG,2018-03-31,0.0,20271.0,2.0723,6.599
342,CELG,2017-12-31,0.0,15838.0,9.2535,5.752000000000002
343,CELG,2017-09-30,1400.0,12874.0,9.4488,6.6191
344,CELG,2017-06-30,500.0,13783.0,11.3889,6.2929
345,CELG,2017-03-31,500.0,13784.0,9.6772,6.3131
346,CELG,2016-12-31,501.0,13789.0,8.2701,6.0348
347,CELG,2016-09-30,501.0,13802.5,4.1307,6.0774
348,CELG,2016-06-30,,14312.1,7.6967,5.9030000000000005
349,ISRG,2019-06-30,5.5,69.6,0.0,30.8754
350,ISRG,2019-03-31,5.3,71.3,0.0,34.8909
351,ISRG,2018-12-31,0.0,0.0,0.0,30.2187
352,ISRG,2018-09-30,0.0,0.0,0.0,40.0029
353,ISRG,2018-06-30,0.0,0.0,0.0,35.1383
354,ISRG,2018-03-31,0.0,0.0,0.0,32.3424
355,ISRG,2017-12-31,0.0,0.0,0.0,25.501
356,ISRG,2017-09-30,0.0,0.0,0.0,36.0902
357,ISRG,2017-06-30,0.0,0.0,0.0,30.2638
358,ISRG,2017-03-31,0.0,0.0,0.0,26.6675
359,ISRG,2016-12-31,0.0,0.0,0.0,22.6169
360,ISRG,2016-09-30,0.0,0.0,0.0,28.2504
361,ISRG,2016-06-30,0.0,0.0,0.0,27.0142
362,TMUS,2019-06-30,3531.0,38645.0,13.2862,1.5665
363,TMUS,2019-03-31,3961.0,37744.0,12.7708,1.5153
364,TMUS,2018-12-31,841.0,29263.0,9.3188,1.8361
365,TMUS,2018-09-30,783.0,29139.0,9.6761,1.9935
366,TMUS,2018-06-30,1324.0,29220.0,9.5185,1.7841
367,TMUS,2018-03-31,3765.0,29295.0,6.8513,1.6232
368,TMUS,2017-12-31,1612.0,29297.0,6.2428,1.5948
369,TMUS,2017-09-30,558.0,30348.0,6.5214,1.5739
370,TMUS,2017-06-30,1202.0,29898.0,7.4116,1.4557
371,TMUS,2017-03-31,7542.0,25319.0,5.9248,1.2759
372,TMUS,2016-12-31,354.0,30053.0,6.3885,1.3635
373,TMUS,2016-09-30,325.0,30054.0,5.7876,1.2116
374,TMUS,2016-06-30,258.0,29808.0,5.2234,1.0603
375,CME,2019-06-30,41.3,4597.2,18.6231,1.5505
376,CME,2019-03-31,39.5,4813.5,15.8628,1.3366
377,CME,2018-12-31,574.2,3826.8,14.9859,1.2487
378,CME,2018-09-30,0.0,3419.6,13.4178,1.2863
379,CME,2018-06-30,0.0,3419.0,21.6918,1.2782
380,CME,2018-03-31,0.0,2233.5,26.3355,1.1823
381,CME,2017-12-31,0.0,2233.1,20.2234,0.9498
382,CME,2017-09-30,0.0,2232.6,21.2474,0.8343
383,CME,2017-06-30,0.0,2232.1,22.6897,0.7794
384,CME,2017-03-31,0.0,2231.6,21.9564,0.7844
385,CME,2016-12-31,0.0,2231.2,18.9241,0.8513
386,CME,2016-09-30,0.0,2230.7,18.6656,0.9956
387,CME,2016-06-30,0.0,2230.2,19.9258,0.8437
388,CSX,2019-06-30,304.0,16023.0,8.9402,2.7048
389,CSX,2019-03-31,71.0,16250.0,8.8034,2.6696
390,CSX,2018-12-31,18.0,14739.0,9.3216,2.5591
391,CSX,2018-09-30,18.0,13754.0,10.0432,2.935
392,CSX,2018-06-30,19.0,13769.0,10.2675,2.7179
393,CSX,2018-03-31,19.0,13768.0,9.1745,2.5175
394,CSX,2017-12-31,19.0,11790.0,10.45,2.6158
395,CSX,2017-09-30,19.0,11788.0,9.0833,2.2762
396,CSX,2017-06-30,19.0,11806.0,9.3723,2.3604
397,CSX,2017-03-31,331.0,10963.0,7.9489,2.1661
398,CSX,2016-12-30,331.0,10962.0,8.6667,1.9416
399,CSX,2016-09-23,631.0,9888.0,8.3597,1.7970000000000002
400,CSX,2016-06-24,632.0,9905.0,8.2199,1.7286
401,BIDU,2019-03-31,10373.0,60564.0,0.8109999999999999,3.3275
402,BIDU,2018-12-31,10001.0,54903.0,4.23,3.5493
403,BIDU,2018-09-30,8039.0,41211.0,11.19,5.0023
404,BIDU,2018-06-30,13863.0,40426.0,13.0021,4.3146
405,BIDU,2018-03-31,6677.0,43896.0,15.2301,3.8771
406,BIDU,2017-12-31,7754.0,35812.0,14.6925,4.1802
407,BIDU,2017-09-30,22184.0,36609.0,10.7792,4.1201
408,BIDU,2017-06-30,17878.0,33976.0,15.6048,3.6567
409,BIDU,2017-03-31,38109.104,34255.827000000005,9.2636,3.9074
410,BIDU,2016-12-31,9795.027,34470.934,10.9554,4.5887
411,BIDU,2016-09-30,3940.988,35764.687999999995,11.9149,5.521
412,BIDU,2016-06-30,1198.691,37927.097,13.9933,5.3431
413,AMOV,2019-06-30,198481.62,585382.935,7.6867,1.6859
414,AMOV,2019-03-31,197461.114,586206.195,7.7367,1.7224
415,AMOV,2018-12-31,96230.634,542691.819,9.2016,1.9248
416,AMOV,2018-09-30,92440.246,578606.395,10.121,1.9988
417,AMOV,2018-06-30,77885.011,633917.5260000001,9.1822,1.8406
418,AMOV,2018-03-31,109770.35,546259.682,8.7996,1.9008
419,AMOV,2017-12-31,51745.84099999999,646139.058,9.2974,1.8123
420,AMOV,2017-09-30,59934.55,593662.378,6.4381,1.9167
421,AMOV,2017-06-30,68522.478,566839.767,9.3669,1.9664
422,AMOV,2017-03-31,79741.095,580224.904,9.0103,1.8261
423,AMOV,2016-12-31,82607.259,625194.144,7.6122,1.5742
424,AMOV,2016-09-30,94143.53,629525.897,7.6267,1.5733
425,AMOV,2016-06-30,115185.68,611899.6917,7.4786,1.4932
426,VOD,2019-06-30,0.0,0.0,0.0,
427,VOD,2019-03-31,0.0,0.0,0.0,-0.6785
428,VOD,2018-12-31,0.0,0.0,0.0,
429,VOD,2018-09-30,0.0,0.0,0.0,-0.2787
430,VOD,2018-06-30,0.0,0.0,0.0,
431,VOD,2018-03-31,0.0,0.0,0.0,-0.4182
432,VOD,2017-12-31,0.0,0.0,0.0,
433,VOD,2017-09-30,0.0,0.0,0.0,-0.3814
434,VOD,2017-06-30,0.0,0.0,0.0,
435,VOD,2017-03-31,0.0,0.0,0.0,-0.326
436,VOD,2016-12-31,0.0,0.0,0.0,
437,VOD,2016-09-30,0.0,0.0,0.0,-0.3638
438,VOD,2016-06-30,0.0,0.0,0.0,
439,WBA,2019-05-31,5483.0,12127.0,9.3102,5.482
440,WBA,2019-02-28,5356.0,12685.0,11.1436,5.6659
441,WBA,2018-11-30,4344.0,11646.0,11.4969,5.8377
442,WBA,2018-08-31,1966.0,12431.0,12.1509,5.9174
443,WBA,2018-05-31,2587.0,12456.0,12.6561,5.5621
444,WBA,2018-02-28,3140.0,12532.0,14.6821,5.3986
445,WBA,2017-11-30,1268.0,12737.0,12.396,5.577000000000001
446,WBA,2017-08-31,251.0,12684.0,7.9378,5.8557
447,WBA,2017-05-31,4838.0,14372.0,11.9097,5.0269
448,WBA,2017-02-28,1153.0,17758.0,10.75,5.2465
449,WBA,2016-11-30,1095.0,17777.0,10.6879,5.2798
450,WBA,2016-08-31,323.0,18705.0,8.3495,5.2145
451,ILMN,2019-06-30,44.0,1818.0,18.1333,14.8811
452,ILMN,2019-03-31,683.0,1830.0,18.0,10.6681
453,ILMN,2018-12-30,1107.0,890.0,16.4667,11.047
454,ILMN,2018-09-30,1107.0,860.0,19.0667,13.3089
455,ILMN,2018-07-01,625.0,723.0,24.7273,13.3268
456,ILMN,2018-04-01,620.0,710.0,23.3636,11.7191
457,ILMN,2017-12-31,10.0,1182.0,24.4545,10.822
458,ILMN,2017-10-01,2.0,1180.0,22.2,10.8718
459,ILMN,2017-07-02,5.0,1169.0,22.625,9.7637
460,ILMN,2017-04-02,1.0,1055.0,11.25,9.9894
461,ILMN,2017-01-01,1.25,1047.805,21.8065,8.2993
462,ILMN,2016-10-02,1.25,1040.765,21.8889,11.0913
463,ILMN,2016-07-03,0.511,1031.37,24.5,9.5097
464,VRTX,2019-06-30,44.988,611.9630000000002,20.1254,15.356
465,VRTX,2019-03-31,43.245,623.865,20.5208,16.3796
466,VRTX,2018-12-31,9.817,19.658,,14.7149
467,VRTX,2018-09-30,11.511,15.140999999999998,,17.9207
468,VRTX,2018-06-30,15.06,15.03,,15.8946
469,VRTX,2018-03-31,16.919,16.910999999999998,,15.8418
470,VRTX,2017-12-31,22.531,20.496,,14.5277
471,VRTX,2017-09-30,19.881,20.259,,15.5403
472,VRTX,2017-06-30,18.179,25.346,,12.89
473,VRTX,2017-03-31,19.27,30.355,,11.9246
474,VRTX,2016-12-31,319.426,34.976,,5.2616
475,VRTX,2016-09-30,17.772000000000006,31.719,,6.9452
476,VRTX,2016-06-30,17.445999999999998,109.238,,6.8091
477,MU,2019-05-30,1346.0,3563.0,81.72409999999998,4.8401
478,MU,2019-02-28,2634.0,3604.0,121.1111,5.0979
479,MU,2018-11-29,398.0,3734.0,154.3636,5.7565
480,MU,2018-08-30,859.0,3777.0,92.8197,6.6527
481,MU,2018-05-31,1454.0,5890.0,64.825,6.0082
482,MU,2018-03-01,1514.0,7802.0,53.6136,4.6935
483,MU,2017-11-30,1401.0,7644.0,33.7661,4.3479
484,MU,2017-08-31,1262.0,9872.0,27.0303,3.205
485,MU,2017-06-01,1161.0,10485.0,19.5033,2.7288
486,MU,2017-03-02,1117.0,11308.0,12.7143,2.0436
487,MU,2016-12-01,1155.0,8490.0,8.1295,1.7528
488,MU,2016-09-01,756.0,9154.0,5.0519,1.6721
489,MU,2016-06-02,712.0,8919.0,6.6789,1.6871
490,TSLA,2019-06-30,2011.177,12265.198,3.0074,1.5156
491,TSLA,2019-03-31,1914.073,10788.836,0.5116,1.6667
492,TSLA,2018-12-31,2567.699,9403.672,5.2098,1.8283
493,TSLA,2018-09-30,2106.538,9672.513,5.2482,1.2628
494,TSLA,2018-06-30,2020.685,9513.29,-0.8322,1.3585
495,TSLA,2018-03-31,1915.53,8763.626,-1.2086,1.1091
496,TSLA,2017-12-31,796.549,9418.219,-0.8782,1.2958
497,TSLA,2017-09-30,324.224,9584.097,-1.1515,1.5996
498,TSLA,2017-06-30,716.533,7125.306,1.3671,1.9271
499,TSLA,2017-03-31,829.08,7158.856,1.1984,1.5466
500,TSLA,2016-12-31,984.211,5870.335999999998,0.9253,1.2834
501,TSLA,2016-09-30,260.771,2443.42,7.8370000000000015,1.6364999999999998
502,TSLA,2016-06-30,626.826,2620.002,-1.182,1.8279
503,BIIB,2019-06-30,72.3,6371.5,43.7589,5.8449
504,BIIB,2019-03-31,72.5,6379.3,33.8998,5.8118
505,BIIB,2018-12-31,0.0,5936.5,35.8866,6.6648
506,BIIB,2018-09-30,0.0,5931.1,41.7163,7.4253
507,BIIB,2018-06-30,0.0,5928.4,26.7834,7.0474
508,BIIB,2018-03-31,3.3,5929.4,33.7347,6.6013
509,BIIB,2017-12-31,3.2,5935.0,27.0194,7.4515
510,BIIB,2017-09-30,573.2,5938.3,27.8706,7.5739
511,BIIB,2017-06-30,559.9,5954.0,21.7547,7.1486
512,BIIB,2017-03-31,561.5,5952.7,24.2382,7.5507
513,BIIB,2016-12-31,4.7,6512.7,16.4136,7.0757
514,BIIB,2016-09-30,4.9,6529.6,24.3258,7.9734
515,BIIB,2016-06-30,4.8,6538.3,24.824,6.956
516,MAR,2019-06-30,362.0,11078.0,5.0098,6.2688
517,MAR,2019-03-31,362.0,10914.0,6.7010000000000005,6.3924
518,MAR,2018-12-31,833.0,8514.0,5.2979,6.8758
519,MAR,2018-09-30,617.0,8710.0,7.3837,7.0513
520,MAR,2018-06-30,616.0,8375.0,10.4471,7.3012
521,MAR,2018-03-31,988.0,7858.0,8.04,6.9666
522,MAR,2017-12-31,398.0,7840.0,6.8472,7.7204
523,MAR,2017-09-30,398.0,8271.0,11.7123,6.9793
524,MAR,2017-06-30,402.0,7911.0,11.3288,6.1960000000000015
525,MAR,2017-03-31,309.0,8161.0,8.6857,5.6033
526,MAR,2016-12-31,309.0,8197.0,6.8267,4.9582
527,MAR,2016-09-30,316.0,8506.0,3.7636,4.2416
528,MAR,2016-06-30,303.0,4057.0,7.3509,6.9864
529,JD,2019-06-30,2983.357,10757.428,23.4196,3.8281
530,JD,2019-03-31,4543.929,10990.406,15.464,4.182
531,JD,2018-12-31,4544.934,6786.143,4.6657,3.0858
532,JD,2018-09-30,9576.099,9894.001,3.4869,3.774
533,JD,2018-06-30,11858.267,9817.457,0.9392,3.9902
534,JD,2018-03-31,13514.256,7227.010999999998,5.2434,4.2361
535,JD,2017-12-31,12884.881,10922.595,-0.8708,3.7375
536,JD,2017-09-30,12302.787,15602.28,,4.3196
537,JD,2017-06-30,12181.097,17532.854,,4.2035
538,JD,2017-03-31,20243.934,13457.514,8.4874,3.1093
539,JD,2016-12-31,11109.387,9149.401,7.2646,2.8111
540,JD,2016-09-30,13710.453,10235.449,0.4853,2.9332000000000003
541,JD,2016-06-30,10754.354,12532.593,1.4538,2.8186
542,WDAY,2019-04-30,299.515,1229.544,-1.9677,6.9787
543,WDAY,2019-01-31,232.514,972.264,-1.2028,6.3029
544,WDAY,2018-10-31,229.68400000000003,961.139,-8.6644,5.0476
545,WDAY,2018-07-31,226.877,950.132,-1.6954,5.5218
546,WDAY,2018-04-30,570.251,939.242,-0.8873,5.0837
547,WDAY,2018-01-31,341.509,1149.845,-1.7,4.697
548,WDAY,2017-10-31,336.936,1136.494,-2.4874,4.8116
549,WDAY,2017-07-31,332.422,216.038,-4.9121,6.0872
550,WDAY,2017-04-30,0.0,541.393,-1.8875,5.3593
551,WDAY,2017-01-31,0.0,534.423,-6.3097,5.0073
552,WDAY,2016-10-31,0.0,527.547,-8.8701,5.8260000000000005
553,WDAY,2016-07-31,0.0,520.765,-6.205,6.0107
554,CTSH,2019-06-30,241.0,1413.0,136.0,8.5783
555,CTSH,2019-03-31,216.0,1395.0,105.0,9.1962
556,CTSH,2018-12-31,9.0,736.0,103.0,9.2142
557,CTSH,2018-09-30,100.0,624.0,145.3333,10.5002
558,CTSH,2018-06-30,100.0,649.0,113.2857,10.9909
559,CTSH,2018-03-31,100.0,673.0,135.0,11.1139
560,CTSH,2017-12-31,175.0,698.0,155.8,9.4453
561,CTSH,2017-09-30,100.0,723.0,127.0,11.1761
562,CTSH,2017-06-30,244.0,747.0,118.1667,10.9043
563,CTSH,2017-03-31,437.0,772.0,112.3333,10.0683
564,CTSH,2016-12-31,81.0,797.0,165.5,9.7807
565,CTSH,2016-09-30,75.0,821.6,136.0,9.1476
566,CTSH,2016-06-30,68.8,840.0,136.8,10.5279
567,ADI,2019-05-04,374.165,5612.365,11.2405,7.1052
568,ADI,2019-02-02,0.0,6234.517,11.1771,6.8742
569,ADI,2018-11-03,67.0,6265.674,12.0903,8.2678
570,ADI,2018-08-04,22.5,6532.746,11.3339,8.3535
571,ADI,2018-05-05,56.0,6926.441,10.8362,7.5283
572,ADI,2018-02-03,50.0,7384.856,9.4121,7.0403
573,ADI,2017-10-28,300.0,7551.084,10.0437,6.3744
574,ADI,2017-07-29,0.0,8199.23,5.4367,6.1266
575,ADI,2017-04-29,4321.169,8572.364,3.9558,2.9065
576,ADI,2017-01-28,0.0,3805.4,7.5232,5.6387
577,ADI,2016-10-29,0.0,1732.177,10.5934,7.4086
578,ADI,2016-07-30,0.0,1731.7579999999996,17.3931,7.4918
579,REGN,2019-06-30,4.0,735.0,45.9625,8.1889
580,REGN,2019-03-31,6.2,733.1,68.961,10.1901
581,REGN,2018-12-31,0.0,708.5,103.5323,10.5703
582,REGN,2018-09-30,0.0,707.203,88.3859,11.2788
583,REGN,2018-06-30,0.0,705.903,94.8005,10.4152
584,REGN,2018-03-31,0.0,704.645,93.7396,10.2711
585,REGN,2017-12-31,0.0,703.5,95.3025,11.6114
586,REGN,2017-09-30,0.0,702.317,96.675,13.0586
587,REGN,2017-06-30,0.0,701.173,108.3944,14.279000000000002
588,REGN,2017-03-31,7.2,700.4069999999998,62.4793,10.3184
589,REGN,2016-12-31,127.274,351.569,82.416,11.2143
590,REGN,2016-09-30,0.0,382.228,,12.9021
591,REGN,2016-06-30,0.0,361.523,,12.4701
592,AMAT,2019-07-28,0.0,5312.0,15.3621,5.6391
593,AMAT,2019-04-28,0.0,5311.0,14.5,6.9799
594,AMAT,2019-01-27,0.0,5310.0,16.6,6.7586
595,AMAT,2018-10-28,0.0,5309.0,18.9333,6.7742
596,AMAT,2018-07-29,0.0,5308.0,23.1695,7.5123
597,AMAT,2018-04-29,0.0,5306.0,25.0,7.2703
598,AMAT,2018-01-28,0.0,5305.0,22.6102,7.3493
599,AMAT,2017-10-29,0.0,5304.0,21.1053,7.657999999999999
600,AMAT,2017-07-30,0.0,5303.0,19.0678,6.7435
601,AMAT,2017-04-30,0.0,5302.0,23.7045,6.5026
602,AMAT,2017-01-29,0.0,3125.0,23.7895,7.3014
603,AMAT,2016-10-30,0.0,3125.0,23.0789,6.7365
604,AMAT,2016-07-31,0.0,3343.0,18.2368,6.7743
605,KHC,2019-06-29,1484.0,30309.0,3.269,-0.5082
606,KHC,2019-03-30,1497.0,30306.0,2.6355,-0.4442
607,KHC,2018-12-29,398.0,30770.0,-42.6615,-0.0902
608,KHC,2018-10-01,,,,4.1332
609,KHC,2018-09-29,1344.0,30887.0,4.0613,4.1341
610,KHC,2018-06-30,2788.0,31380.0,5.038,4.0069
611,KHC,2018-03-31,3743.0,28561.0,5.4479,4.2693
612,KHC,2017-12-31,,,,4.6352
613,KHC,2017-12-30,3195.0,28308.0,5.6851,4.6352
614,KHC,2017-09-30,3204.0,28276.0,5.7614,3.8781
615,KHC,2017-07-01,1109.0,29978.0,6.1694,4.1
616,KHC,2017-04-01,2931.0,29747.0,5.3674,3.7738
617,KHC,2016-12-31,2691.0,29713.0,5.1065,3.7504
618,KHC,2016-10-02,2700.0,29980.0,4.7781,3.7505
619,KHC,2016-07-03,2751.0,30002.0,7.5492,3.5412
620,ADSK,2019-04-30,59.2,2228.9,0.0,4.0718
621,ADSK,2019-01-31,0.0,2087.7,0.0,3.3004
622,ADSK,2018-10-31,0.0,1587.8,0.0,3.1884
623,ADSK,2018-07-31,0.0,1587.2,0.0,3.0857
624,ADSK,2018-04-30,0.0,1586.6,0.0,3.0677
625,ADSK,2018-01-31,0.0,1586.0,0.0,2.3468
626,ADSK,2017-10-31,0.0,1585.4,0.0,3.3374
627,ADSK,2017-07-31,0.0,1584.9,0.0,3.1385
628,ADSK,2017-04-30,399.1,1092.4,0.0,2.6339
629,ADSK,2017-01-31,398.7,1092.0,0.0,2.4726
630,ADSK,2016-10-31,0.0,1489.9,0.0,2.8841
631,ADSK,2016-07-31,0.0,1489.2,0.0,2.7734
632,ROST,2019-05-04,536.9,2827.082000000001,273.7715,6.5953
633,ROST,2019-02-02,0.0,312.44,177.1027,11.7499
634,ROST,2018-11-03,84.99700000000001,312.328,125.4961,11.6114
635,ROST,2018-08-04,84.98899999999998,312.217,141.0996,11.6683
636,ROST,2018-05-05,84.98100000000002,312.105,139.7559,10.6574
637,ROST,2018-02-03,84.973,311.994,148.4507,11.1993
638,ROST,2017-10-28,0.0,396.848,111.0205,9.2441
639,ROST,2017-07-29,0.0,396.729,123.4959,9.0722
640,ROST,2017-04-29,0.0,396.611,119.0402,9.6617
641,ROST,2017-01-28,0.0,396.49300000000005,160.0879,10.29
642,ROST,2016-10-29,0.0,396.376,,9.8321
643,ROST,2016-07-30,0.0,396.259,109.7603,9.8644
644,NTES,2019-06-30,14263.305,0.0,0.0,6.3871
645,NTES,2019-03-31,14134.553999999998,0.0,0.0,5.8558
646,NTES,2018-12-31,13658.553999999998,0.0,0.0,5.9257
647,NTES,2018-09-30,13645.93,0.0,0.0,6.0378
648,NTES,2018-06-30,12725.741000000002,0.0,0.0,6.8074
649,NTES,2018-03-31,9516.159,0.0,0.0,7.4442
650,NTES,2017-12-31,6623.502,0.0,0.0,10.1492
651,NTES,2017-09-30,5732.593000000002,0.0,0.0,9.9942
652,NTES,2017-06-30,5377.687,0.0,0.0,10.9711
653,NTES,2017-03-31,4483.442,0.0,0.0,10.6935
654,NTES,2016-12-31,3815.691,0.0,0.0,8.9579
655,NTES,2016-09-30,3005.01,0.0,0.0,11.8549
656,NTES,2016-06-30,2320.92,0.0,0.0,11.004
657,ATVI,2019-06-30,60.0,2902.0,23.0476,7.9286
658,ATVI,2019-03-31,62.0,2893.0,37.381,7.0274
659,ATVI,2018-12-31,0.0,2671.0,50.9048,7.0585
660,ATVI,2018-09-30,0.0,2670.0,12.9688,10.2419
661,ATVI,2018-06-30,0.0,4394.0,14.6829,8.0786
662,ATVI,2018-03-31,0.0,4392.0,22.5,6.6826
663,ATVI,2017-12-31,0.0,4390.0,13.7,5.9270000000000005
664,ATVI,2017-09-30,0.0,4388.0,13.1026,7.3256
665,ATVI,2017-06-30,0.0,4387.0,17.8889,7.8076
666,ATVI,2017-03-31,0.0,4393.0,23.0286,6.9377
667,ATVI,2016-12-31,0.0,4887.0,20.7179,5.5174
668,ATVI,2016-09-30,1481.0,4881.0,11.7,4.9176
669,ATVI,2016-06-30,56.0,4977.0,9.8545,5.9788
670,FISV,2019-06-30,83.0,14074.0,8.2813,4.4472
671,FISV,2019-03-31,85.0,6172.0,9.2203,9.4163
672,FISV,2018-12-31,4.0,5955.0,10.375,10.1983
673,FISV,2018-09-30,452.0,4823.0,10.4681,10.3306
674,FISV,2018-06-30,1.0,4805.0,10.9778,11.8035
675,FISV,2018-03-31,1.0,4603.0,16.4889,11.8764
676,FISV,2017-12-31,3.0,4897.0,11.8222,11.091
677,FISV,2017-09-30,93.0,5018.0,10.6889,11.003
678,FISV,2017-06-30,95.0,4646.0,10.9773,11.8119
679,FISV,2017-03-31,91.0,4547.0,11.2619,11.5837
680,FISV,2016-12-31,95.0,4467.0,11.4286,10.890999999999998
681,FISV,2016-09-30,6.0,4624.0,11.5366,11.2177
682,FISV,2016-06-30,6.0,4548.0,11.6,11.8241
683,XLNX,2019-06-29,8.798,1293.565,26.9586,10.3397
684,XLNX,2019-03-30,0.0,1234.807,21.9033,11.1475
685,XLNX,2018-12-29,499.851,1221.438,21.0842,7.1485
686,XLNX,2018-09-29,499.629,1201.884,19.5175,6.8457
687,XLNX,2018-06-30,499.407,1207.387,17.8112,5.8629
688,XLNX,2018-03-31,499.186,1214.44,18.5329,6.2866
689,XLNX,2017-12-30,0.0,1730.211,15.8773,5.9973
690,XLNX,2017-09-30,0.0,1738.6660000000004,18.8004,6.523
691,XLNX,2017-07-01,0.0,1737.41,15.2319,6.1156
692,XLNX,2017-04-01,456.328,995.247,15.3538,6.2031
693,XLNX,2016-12-31,594.7919999999998,994.842,12.9015,6.1385
694,XLNX,2016-10-01,591.6669999999998,994.439,13.8425,5.8387
695,XLNX,2016-07-02,588.5419999999998,994.039,14.533,5.2403
696,EBAY,2019-06-30,2233.0,7760.0,0.0,4.0259
697,EBAY,2019-03-31,1719.0,8242.0,0.0,3.8016
698,EBAY,2018-12-31,1546.0,7675.0,0.0,3.5039
699,EBAY,2018-09-30,1546.0,7661.0,0.0,3.5328
700,EBAY,2018-06-30,3.0,9201.0,0.0,3.5794
701,EBAY,2018-03-31,20.0,9208.0,0.0,3.6105
702,EBAY,2017-12-31,781.0,9234.0,0.0,3.2883
703,EBAY,2017-09-30,749.0,9249.0,0.0,3.8404
704,EBAY,2017-06-30,2215.0,9251.0,0.0,3.4679
705,EBAY,2017-03-31,2210.0,6756.0,0.0,3.8302
706,EBAY,2016-12-31,1451.0,7509.0,0.0,3.7635
707,EBAY,2016-09-30,1449.0,7582.0,0.0,3.9619
708,EBAY,2016-06-30,0.0,9054.0,0.0,3.6547
709,ERIC,2019-06-30,4557.0,40739.0,,2.6732
710,ERIC,2019-03-31,4791.0,41003.0,,2.4911
711,ERIC,2018-12-31,2255.0,30870.0,0.8252,2.3276
712,ERIC,2018-09-30,2463.0,31187.0,8.0313,2.4776
713,ERIC,2018-06-30,2642.0,31131.0,2.0313,2.2115
714,ERIC,2018-03-31,2554.0,31134.0,,2.0156
715,ERIC,2017-12-31,2545.0,30500.0,-6.0907,1.7067
716,ERIC,2017-09-30,3004.0,28039.0,1.5202,2.4532
717,ERIC,2017-06-30,3230.0,27100.0,61.037,2.7208
718,ERIC,2017-03-31,9514.0,27823.0,,2.6264
719,ERIC,2016-12-31,8033.0,18653.0,3.0981,2.7491
720,ERIC,2016-09-30,9007.0,18283.0,4.4757,3.5378
721,ERIC,2016-06-30,9653.0,18164.0,7.2898,3.6778
722,ALXN,2019-06-30,151.9,2679.3,34.847,6.9222
723,ALXN,2019-03-31,149.1,2697.6,31.3065,6.6916
724,ALXN,2018-12-31,343.8,2862.7,5.8,4.8148
725,ALXN,2018-09-30,311.2,2894.5,18.8415,6.1370000000000005
726,ALXN,2018-06-30,278.5,2926.3,-11.984000000000002,5.4270000000000005
727,ALXN,2018-03-31,167.5,3029.0,15.3071,5.5946
728,ALXN,2017-12-31,167.4,3063.6,11.7251,5.8489
729,ALXN,2017-09-30,167.0,3096.0,7.62,6.4014
730,ALXN,2017-06-30,167.0,3081.0,13.2379,6.1286
731,ALXN,2017-03-31,167.0,3116.0,13.2596,6.125
732,ALXN,2016-12-31,167.0,3121.5,9.3705,6.1502
733,ALXN,2016-09-30,322.942,3153.826,11.6425,5.9089
734,ALXN,2016-06-30,79.13600000000002,3367.531,12.2083,5.8127
735,PAYX,2019-05-31,0.0,796.4,40.25,4.7899
736,PAYX,2019-02-28,53.6,800.0,71.9851,3.4861
737,PAYX,2018-11-30,57.3,0.0,430.0,5.11
738,PAYX,2018-08-31,56.7,0.0,395.7778,5.0734
739,PAYX,2018-05-31,0.0,0.0,482.5714,4.0633
740,PAYX,2018-02-28,57.7,0.0,368.7273,4.508
741,PAYX,2017-11-30,133.4,0.0,259.0769,3.8817
742,PAYX,2017-08-31,57.2,0.0,436.625,3.5038
743,PAYX,2017-05-31,0.0,0.0,558.5,4.1141
744,PAYX,2017-02-28,55.4,0.0,562.6667,3.7956
745,PAYX,2016-11-30,103.1,0.0,568.5,4.947
746,PAYX,2016-08-31,51.3,0.0,503.8571,4.8610000000000015
747,AMD,2019-06-29,38.0,1242.0,4.44,5.9044
748,AMD,2019-03-30,108.0,1237.0,3.5926,5.1022
749,AMD,2018-12-29,136.0,1114.0,2.4483,3.112
750,AMD,2018-09-29,136.0,1167.0,6.3667,5.3724
751,AMD,2018-06-30,223.0,1170.0,6.2903,2.4378
752,AMD,2018-03-31,223.0,1165.0,5.2903,1.1965
753,AMD,2017-12-31,,,,0.9555
754,AMD,2017-12-30,70.0,1325.0,1.1935,0.9555
755,AMD,2017-09-30,70.0,1356.0,5.0,1.1179
756,AMD,2017-07-01,42.0,1375.0,1.0625,0.4566
757,AMD,2017-04-01,0.0,1408.0,1.4063,0.8424
758,AMD,2016-12-31,0.0,1435.0,0.8824,0.0406
759,AMD,2016-09-24,0.0,1632.0,-6.3415,-0.8423
760,AMD,2016-06-25,226.0,2012.0,1.4146,-1.4352
761,LRCX,2019-06-30,667.1310000000002,3872.207,,5.3893
762,LRCX,2019-03-31,964.107,3851.297,21.4054,5.8201
763,LRCX,2018-12-23,187.102,1870.199,39.0302,6.8091
764,LRCX,2018-09-23,550.369,1863.903,30.8223,6.8671
765,LRCX,2018-06-24,610.03,1884.754,42.5817,6.6648
766,LRCX,2018-03-25,1423.265,1862.704,35.3519,6.09
767,LRCX,2017-12-24,1401.66,1920.382,35.0503,5.7915
768,LRCX,2017-09-24,639.9069999999998,1930.473,32.3097,6.5653
769,LRCX,2017-06-25,908.439,1954.835,27.5761,5.7199
770,LRCX,2017-03-26,905.288,1952.405,24.8327,5.2135
771,LRCX,2016-12-25,957.895,1966.026,19.4022,4.6457
772,LRCX,2016-09-25,952.999,3580.646,9.426,3.6977
773,LRCX,2016-06-26,947.733,3585.681,11.4764,3.5964
774,MNST,2019-06-30,3.111,18.766,0.0,26.4091
775,MNST,2019-03-31,3.028,19.083,0.0,25.4326
776,MNST,2018-12-31,0.0,0.0,0.0,24.7914
777,MNST,2018-09-30,10.1,0.0,0.0,25.6556
778,MNST,2018-06-30,11.2,0.0,0.0,27.026
779,MNST,2018-03-31,0.0,0.0,0.0,28.2583
780,MNST,2017-12-31,0.0,0.0,0.0,29.3727
781,MNST,2017-09-30,0.0,0.0,0.0,25.4137
782,MNST,2017-06-30,0.0,0.0,0.0,23.8548
783,MNST,2017-03-31,0.0,0.0,0.0,24.8456
784,MNST,2016-12-31,0.0,0.0,0.0,24.4403
785,MNST,2016-09-30,0.0,0.0,0.0,25.5919
786,MNST,2016-06-30,0.0,0.0,0.0,29.0202
787,EA,2019-06-30,55.0,1180.0,41.0909,8.4439
788,EA,2019-03-31,0.0,994.0,19.4167,8.0015
789,EA,2018-12-31,0.0,994.0,25.0909,7.405
790,EA,2018-09-30,0.0,993.0,26.7273,10.3926
791,EA,2018-06-30,0.0,993.0,30.7273,11.8726
792,EA,2018-03-31,0.0,992.0,,8.5776
793,EA,2017-12-31,0.0,992.0,1.3,6.9506
794,EA,2017-09-30,0.0,991.0,-0.8182,9.1889
795,EA,2017-06-30,0.0,991.0,70.3636,10.1051
796,EA,2017-03-31,0.0,990.0,68.0909,7.2688
797,EA,2016-12-31,0.0,990.0,3.75,5.7689
798,EA,2016-09-30,0.0,990.0,-0.3636,7.4083
799,EA,2016-06-30,136.0,989.0,46.6154,7.5993
800,NXPI,2019-06-30,1177.0,7361.0,6.63,5.6387
801,NXPI,2019-03-31,1117.0,6223.0,5.9149,5.9156
802,NXPI,2018-12-31,1107.0,6247.0,9.5658,3.3785
803,NXPI,2018-09-30,1002.0,5354.0,44.3934,4.1351
804,NXPI,2018-07-01,2.0,5341.0,10.377,6.6374
805,NXPI,2018-04-01,1249.0,5329.0,8.3867,5.8452
806,NXPI,2017-12-31,751.0,5814.0,10.3014,4.1132
807,NXPI,2017-10-01,754.0,5802.0,9.2105,3.9302
808,NXPI,2017-07-02,758.0,5790.0,8.1333,3.9582
809,NXPI,2017-04-02,11.0,6498.0,25.7326,3.9343
810,NXPI,2016-12-31,421.0,8766.0,,2.2903
811,NXPI,2016-10-02,621.0,8761.0,,5.0193
812,NXPI,2016-07-03,622.0,8272.0,59.4,4.8498
813,XEL,2019-06-30,2339.0,17643.0,5.2570000000000014,0.9705
814,XEL,2019-03-31,1418.0,17647.0,5.676,0.9774
815,XEL,2018-12-31,1444.0,15803.0,5.0,0.9634
816,XEL,2018-09-30,993.0,15508.0,7.1341,0.9789
817,XEL,2018-06-30,1538.0,15311.0,5.2622,0.9628
818,XEL,2018-03-31,1482.0,14522.0,5.6125,0.9796
819,XEL,2017-12-31,1271.0,14520.0,5.4423,1.0097
820,XEL,2017-09-30,819.415,14572.967,7.8279999999999985,1.0395
821,XEL,2017-06-30,1289.345,14091.833,5.5256,1.0148
822,XEL,2017-03-31,1360.448,13696.461,5.6101,1.0038
823,XEL,2016-12-31,647.0,14195.0,5.5209,0.9827
824,XEL,2016-09-30,1075.567,13402.583,7.52,1.0033
825,XEL,2016-06-30,1157.151,13104.77,5.0588,1.0324
826,SIRI,2019-06-30,50.0,8261.0,5.9588,3.2032
827,SIRI,2019-03-31,50.0,7578.0,5.0667,3.1048
828,SIRI,2018-12-31,3.447,6884.536,6.1681,3.2163
829,SIRI,2018-09-30,4.4110000000000005,6562.151999999999,6.4727,3.2324
830,SIRI,2018-06-30,4.66,6443.289000000002,5.0192,3.0988
831,SIRI,2018-03-31,4.9110000000000005,6807.448,5.5219000000000005,2.9016
832,SIRI,2017-12-31,5.105,6741.243,5.2423,2.4882
833,SIRI,2017-09-30,4.22,6728.349,5.5474,2.462
834,SIRI,2017-06-30,5.16,6453.757,5.9168,2.4327
835,SIRI,2017-03-31,4.6370000000000005,5983.213000000002,5.7624,2.4435
836,SIRI,2016-12-31,5.485,5842.764,4.9333,2.0376
837,SIRI,2016-09-30,358.701,5743.389,5.1639,1.7906
838,SIRI,2016-06-30,5.6110000000000015,6096.808000000001,5.1425,1.594
839,TEAM,2019-06-30,853.576,0.0,,7.659
840,TEAM,2019-03-31,0.0,844.938,-1.1139,8.218
841,TEAM,2018-12-31,0.0,836.403,1.7483,7.6358
842,TEAM,2018-09-30,0.0,827.97,1.7393,8.337
843,TEAM,2018-06-30,0.0,819.637,,6.7694
844,TEAM,2018-03-31,0.0,0.0,1229.375,16.2303
845,TEAM,2017-12-31,0.0,0.0,1139.5714,15.0079
846,TEAM,2017-09-30,0.0,0.0,,12.4507
847,TEAM,2017-06-30,0.0,0.0,,12.8947
848,TEAM,2017-03-31,0.0,0.0,,11.3916
849,TEAM,2016-12-31,0.0,0.0,,12.0638
850,TEAM,2016-09-30,0.0,0.0,,15.6677
851,TEAM,2016-06-30,0.0,0.0,,13.9382
852,MELI,2019-06-30,176.94,767.225,1.2717,8.8507
853,MELI,2019-03-31,141.162,602.061,1.6603,7.927
854,MELI,2018-12-31,132.94899999999998,602.2280000000002,0.6758,5.2665
855,MELI,2018-09-30,141.502,554.83,0.0184,6.6218
856,MELI,2018-06-30,146.655,333.3640000000001,-1.2694,7.2532
857,MELI,2018-03-31,134.466,314.953,-1.7081,7.8527
858,MELI,2017-12-31,56.325,312.089,-7.9087,7.9331
859,MELI,2017-09-30,24.701,309.444,5.7254000000000005,7.715899999999999
860,MELI,2017-06-30,18.24,306.706,6.1643,8.4033
861,MELI,2017-03-31,16.43,304.534,11.1756,7.6971
862,MELI,2016-12-31,11.583,301.94,10.7374,6.4599
863,MELI,2016-09-30,6.077000000000001,299.472,9.4315,7.7091
864,MELI,2016-06-30,0.782,296.691,5.8985,6.9123
865,PCAR,2019-06-30,3915.5,6761.4,0.0,2.6616
866,PCAR,2019-03-31,3439.1,6801.1,0.0,2.6438
867,PCAR,2018-12-31,3540.8,6409.7,0.0,2.4749
868,PCAR,2018-09-30,3002.2,6584.7,0.0,2.7104
869,PCAR,2018-06-30,3130.6,6077.1,0.0,2.6493
870,PCAR,2018-03-31,3234.2,5895.8,0.0,2.6294
871,PCAR,2017-12-31,2933.9,5945.5,0.0,2.604
872,PCAR,2017-09-30,2865.1,5966.9,0.0,2.5634
873,PCAR,2017-06-30,2888.9,5655.2,0.0,2.5084
874,PCAR,2017-03-31,2516.1,5849.4,0.0,2.6375
875,PCAR,2016-12-31,2447.5,6027.7,0.0,2.4758
876,PCAR,2016-09-30,2516.0,6014.3,0.0,2.3919
877,PCAR,2016-06-30,2426.3,6018.1,0.0,2.2435
878,CTRP,2019-03-31,37924.0,25064.0,0.0,2.4838
879,CTRP,2018-12-31,36011.0,24146.0,0.0,1.2817
880,CTRP,2018-09-30,36026.0,26062.0,0.0,2.3833
881,CTRP,2018-06-30,24462.0,29912.0,0.0,2.8612
882,CTRP,2018-03-31,20576.0,29072.0,0.0,1.9888
883,CTRP,2017-12-31,16316.0,29220.0,0.0,1.9206
884,CTRP,2017-09-30,14838.8038,33597.1704,0.0,2.1189
885,CTRP,2017-06-30,10587.1492,35595.9213,0.0,2.2483
886,CTRP,2017-03-31,10692.4214,34304.4143,0.0,2.1083
887,CTRP,2016-12-31,6887.3096,34650.6736,0.0,1.7701
888,CTRP,2016-09-30,13571.544,28018.488,0.0,1.9908
889,CTRP,2016-06-30,11329.1522,19737.5682,0.0,1.7556
890,GOLD,2019-06-30,303.0,5504.0,7.2661,0.9812
891,GOLD,2019-03-31,308.0,5499.0,7.7818,0.7789
892,GOLD,2018-12-31,43.0,5695.0,1.3818,0.3619
893,GOLD,2018-09-30,49.0,5696.0,2.5818,0.3498
894,GOLD,2018-06-30,680.0,5712.0,4.9478,0.5484
895,GOLD,2018-03-31,57.0,6344.0,7.265,0.759
896,GOLD,2017-12-31,59.0,6364.0,1.1652,0.9984
897,GOLD,2017-09-30,63.0,6384.0,6.9689999999999985,1.327
898,GOLD,2017-06-30,116.0,7328.0,15.2348,1.3635
899,GOLD,2017-03-31,120.0,7633.0,15.0889,1.2778
900,GOLD,2016-12-31,143.0,7788.0,9.7786,0.8716
901,GOLD,2016-09-30,153.0,8386.0,8.0822,0.3427
902,GOLD,2016-06-30,175.0,8825.0,6.2109,0.3714
903,ALGN,2019-06-30,16.144000000000002,59.14,0.0,15.8832
904,ALGN,2019-03-31,40.508,59.307,0.0,16.2208
905,ALGN,2018-12-31,0.0,0.0,0.0,14.9899
906,ALGN,2018-09-30,0.0,0.0,0.0,28.1
907,ALGN,2018-06-30,0.0,0.0,0.0,26.0455
908,ALGN,2018-03-31,0.0,0.0,0.0,20.8118
909,ALGN,2017-12-31,0.0,0.0,0.0,19.2845
910,ALGN,2017-09-30,0.0,0.0,0.0,19.5892
911,ALGN,2017-06-30,0.0,0.0,0.0,17.4709
912,ALGN,2017-03-31,0.0,0.0,0.0,15.4818
913,ALGN,2016-12-31,0.0,0.0,0.0,13.6024
914,ALGN,2016-09-30,0.0,0.0,0.0,13.729
915,ALGN,2016-06-30,0.0,0.0,0.0,13.4172
916,WLTW,2019-06-30,341.0,5225.0,7.1429,1.3039
917,WLTW,2019-03-31,345.0,5479.0,10.8148,1.213
918,WLTW,2018-12-31,186.0,4389.0,12.0556,1.2926
919,WLTW,2018-09-30,186.0,4498.0,3.8824,1.141
920,WLTW,2018-06-30,85.0,4589.0,4.9231,1.165
921,WLTW,2018-03-31,85.0,4507.0,8.8431,1.2236
922,WLTW,2017-12-31,85.0,4450.0,6.1837,1.2864
923,WLTW,2017-09-30,85.0,4493.0,3.6596,1.291
924,WLTW,2017-06-30,85.0,4097.0,5.8696,1.2574
925,WLTW,2017-03-31,120.0,3975.0,13.1304,1.2682
926,WLTW,2016-12-31,508.0,3357.0,6.1304,1.2926
927,WLTW,2016-09-30,519.0,3267.0,4.5111,1.1925
928,WLTW,2016-06-30,528.0,3281.0,6.4894,1.1304
929,MCHP,2019-06-30,1412.6,8812.0,3.7097,3.3195
930,MCHP,2019-03-31,1360.8,8946.2,3.8421,3.3047
931,MCHP,2018-12-31,0.0,10542.3,3.1875,3.5481
932,MCHP,2018-09-30,1335.0,9551.1,2.3355,3.1139
933,MCHP,2018-06-30,1329.8,10019.8,3.375,3.0454
934,MCHP,2018-03-31,1309.9,1758.4,7.9722,5.0559
935,MCHP,2017-12-31,0.0,3039.623,8.0443,5.0565
936,MCHP,2017-09-30,5.98,3011.8520000000008,7.6364,5.5036000000000005
937,MCHP,2017-06-30,11.255999999999998,2983.908,7.5434,5.0365
938,MCHP,2017-03-31,50.0,2900.5,6.7847,4.7344
939,MCHP,2016-12-31,0.0,3123.994,6.6312,4.5444
940,MCHP,2016-09-30,0.0,3105.433,4.9985,4.4427
941,MCHP,2016-06-30,0.0,3336.504000000001,1.5701,3.8283
942,VRSN,2019-06-30,3.88,1791.549,9.4095,-5.9503
943,VRSN,2019-03-31,3.1830000000000003,1790.608,9.3608,-6.4935
944,VRSN,2018-12-31,0.0,1785.047,9.0962,-7.3396
945,VRSN,2018-09-30,0.0,1784.417,9.1579,-7.4152
946,VRSN,2018-06-30,0.0,1783.7879999999998,7.1231,-7.8835
947,VRSN,2018-03-31,630.8240000000002,1783.159,4.843,-5.3338
948,VRSN,2017-12-31,627.616,1782.529,4.6617,-5.3852
949,VRSN,2017-09-30,624.474,1781.912,5.1264,-5.6041
950,VRSN,2017-06-30,628.908,1238.107,6.4294,-7.6702
951,VRSN,2017-03-31,625.893,1237.648,6.4905,-7.9335
952,VRSN,2016-12-31,629.764,1237.189,6.3079,-8.1442
953,VRSN,2016-09-30,626.862,1236.731,6.5519,-8.295
954,VRSN,2016-06-30,632.308,1236.272,6.612,-8.0631
955,VRSK,2019-06-30,120.0,2688.3,10.1508,10.1866
956,VRSK,2019-03-31,217.5,2673.8,9.2257,9.4401
957,VRSK,2018-12-31,672.8,2050.5,8.9358,10.3265
958,VRSK,2018-09-30,542.3,2044.9,8.7654,10.8826
959,VRSK,2018-06-30,736.9,2044.2,8.9592,9.2967
960,VRSK,2018-03-31,740.9,2041.1,8.1768,8.6195
961,VRSK,2017-12-31,724.4,2284.4,8.5514,8.8483
962,VRSK,2017-09-30,602.9,2278.8,8.8977,9.0055
963,VRSK,2017-06-30,126.8,2276.6,8.7965,10.0564
964,VRSK,2017-03-31,6.6,2281.0,8.5845,10.2145
965,VRSK,2016-12-31,106.8,2280.2,8.3138,10.3754
966,VRSK,2016-09-30,6.899,2279.443,8.9142,10.7935
967,VRSK,2016-06-30,2.256,2273.032,7.7587,10.4213
968,LULU,2019-05-05,127.18,537.758,0.0,16.1918
969,LULU,2019-02-03,0.0,0.0,0.0,22.1586
970,LULU,2018-10-28,0.0,0.0,0.0,22.7702
971,LULU,2018-07-29,0.0,0.0,0.0,21.4991
972,LULU,2018-04-29,0.0,0.0,0.0,27.0779
973,LULU,2018-01-28,0.0,0.0,0.0,19.8298
974,LULU,2017-10-29,0.0,0.0,0.0,20.9674
975,LULU,2017-07-30,0.0,0.0,0.0,21.5754
976,LULU,2017-04-30,0.0,0.0,0.0,20.5447
977,LULU,2017-01-29,0.0,0.0,0.0,22.542
978,LULU,2016-10-30,0.0,0.0,0.0,21.7197
979,LULU,2016-07-31,0.0,0.0,0.0,28.8163
980,UAL,2019-06-30,2009.0,18174.0,13.4235,1.63
981,UAL,2019-03-31,1973.0,18115.0,7.8675,1.5674
982,UAL,2018-12-31,2072.0,17715.0,7.2353,1.6446
983,UAL,2018-09-30,1046.0,13334.0,10.4556,1.8769
984,UAL,2018-06-30,1004.0,13499.0,11.1457,1.7125
985,UAL,2018-03-31,1779.0,13185.0,5.4583,1.7086
986,UAL,2017-12-31,1693.0,12699.0,8.5948,1.7896
987,UAL,2017-09-30,1641.0,12302.0,11.3691,1.8044
988,UAL,2017-06-30,1551.0,11612.0,13.5137,1.9322
989,UAL,2017-03-31,829.0,12014.0,6.0288,1.8798
990,UAL,2016-12-31,965.0,10740.0,12.1694,1.9945
991,UAL,2016-09-30,1093.0,10364.0,16.3615,1.9425
992,UAL,2016-06-30,1400.0,10015.0,10.8462,1.8374
993,INFO,2019-05-31,364.3,4893.5,5.8161000000000005,6.9212
994,INFO,2019-02-28,484.9,5111.4,4.7429,6.2956
995,INFO,2018-11-30,789.9,4889.2,4.5208,6.4626
996,INFO,2018-08-31,1166.3,4893.8,5.3175,6.0676
997,INFO,2018-05-31,105.8,4353.7,5.6401,5.4361
998,INFO,2018-02-28,90.9,4186.1,5.8423,6.7504
999,INFO,2017-11-30,576.0,3617.3,6.1732,6.2742
1000,INFO,2017-08-31,561.1,3424.7,6.5855,6.3738
1001,INFO,2017-05-31,561.2,3423.2,6.8859,5.72
1002,INFO,2017-02-28,582.9,3131.5,6.8082,5.07
1003,INFO,2016-11-30,104.6,3279.3,6.7372,5.606
1004,INFO,2016-08-31,126.0,3140.0,2.0548,5.2454
1005,CTAS,2019-05-31,312.264,2537.507,15.8318,8.3422
1006,CTAS,2019-02-28,217.5,2536.958,13.8182,8.1655
1007,CTAS,2018-11-30,173.5,2536.408,14.6309,7.7185
1008,CTAS,2018-08-31,0.0,2535.859,14.4636,8.6292
1009,CTAS,2018-05-31,0.0,2535.309,13.6948,8.3529
1010,CTAS,2018-02-28,187.5,2534.76,10.2732,7.8748
1011,CTAS,2017-11-30,300.0,2534.222,10.4892,7.0939
1012,CTAS,2017-08-31,307.45,2533.672,10.4762,6.8981
1013,CTAS,2017-05-31,362.9,2770.6240000000007,5.3359,6.3863
1014,CTAS,2017-02-28,399.351,745.189,17.2791,8.9649
1015,CTAS,2016-11-30,66.0,1044.8339999999996,18.417,8.8154
1016,CTAS,2016-08-31,163.8,1044.628,17.4361,8.9724
1017,FITB,2019-06-30,1136.0,16334.0,0.0,0.0
1018,FITB,2019-03-31,4034.0,15953.0,0.0,0.0
1019,FITB,2018-12-31,2498.0,14426.0,0.0,0.0
1020,FITB,2018-09-30,3430.0,14460.0,0.0,0.0
1021,FITB,2018-06-30,2360.0,14321.0,0.0,0.0
1022,FITB,2018-03-31,1513.0,14800.0,0.0,0.0
1023,FITB,2017-12-31,4186.0,14904.0,0.0,0.0
1024,FITB,2017-09-30,5806.0,14039.0,0.0,0.0
1025,FITB,2017-06-30,5506.0,13456.0,0.0,0.0
1026,FITB,2017-03-31,2170.0,13658.0,0.0,0.0
1027,FITB,2016-12-31,3667.0,14388.0,0.0,0.0
1028,FITB,2016-09-30,3620.0,16890.0,0.0,0.0
1029,FITB,2016-06-30,4087.0,16231.0,0.0,0.0
1030,CHKP,2019-06-30,0.0,0.0,0.0,9.0479
1031,CHKP,2019-03-31,0.0,0.0,0.0,9.6429
1032,CHKP,2018-12-31,0.0,0.0,0.0,8.5628
1033,CHKP,2018-09-30,0.0,0.0,0.0,9.8277
1034,CHKP,2018-06-30,0.0,0.0,0.0,8.8581
1035,CHKP,2018-03-31,0.0,0.0,0.0,9.1028
1036,CHKP,2017-12-31,0.0,0.0,0.0,9.1888
1037,CHKP,2017-09-30,0.0,0.0,0.0,10.1798
1038,CHKP,2017-06-30,0.0,0.0,0.0,9.8224
1039,CHKP,2017-03-31,0.0,0.0,0.0,10.0138
1040,CHKP,2016-12-31,0.0,0.0,0.0,8.7081
1041,CHKP,2016-09-30,0.0,0.0,0.0,8.887599999999997
1042,CHKP,2016-06-30,0.0,0.0,0.0,8.9917
